-- phpMyAdmin SQL Dump
-- version 4.1.14
-- http://www.phpmyadmin.net
--
-- Host: 127.0.0.1
-- Generation Time: 2018-01-09 03:29:40
-- 服务器版本： 5.6.17
-- PHP Version: 5.5.12

SET SQL_MODE = "NO_AUTO_VALUE_ON_ZERO";
SET time_zone = "+00:00";


/*!40101 SET @OLD_CHARACTER_SET_CLIENT=@@CHARACTER_SET_CLIENT */;
/*!40101 SET @OLD_CHARACTER_SET_RESULTS=@@CHARACTER_SET_RESULTS */;
/*!40101 SET @OLD_COLLATION_CONNECTION=@@COLLATION_CONNECTION */;
/*!40101 SET NAMES utf8 */;

--
-- Database: `waimai`
--

-- --------------------------------------------------------

--
-- 替换视图以便查看 `abc`
--
CREATE TABLE IF NOT EXISTS `abc` (
`gid` int(12)
,`gname` varchar(255)
,`pic` varchar(255)
,`price` float
,`desc` varchar(255)
,`cid` int(12)
,`cname` varchar(255)
,`cdesc` varchar(255)
,`sid` int(12)
,`sname` varchar(255)
,`uid` int(12)
,`uname` varchar(255)
);
-- --------------------------------------------------------

--
-- 替换视图以便查看 `abd`
--
CREATE TABLE IF NOT EXISTS `abd` (
`cid` int(12)
,`cname` varchar(255)
,`cdesc` varchar(255)
,`sid` int(12)
,`sname` varchar(255)
,`uid` int(12)
,`uname` varchar(255)
);
-- --------------------------------------------------------

--
-- 表的结构 `cate`
--

CREATE TABLE IF NOT EXISTS `cate` (
  `id` int(12) NOT NULL AUTO_INCREMENT,
  `store_id` int(12) DEFAULT NULL,
  `name` varchar(255) DEFAULT NULL,
  `desc` varchar(255) DEFAULT NULL,
  PRIMARY KEY (`id`)
) ENGINE=InnoDB  DEFAULT CHARSET=utf8 AUTO_INCREMENT=12 ;

--
-- 转存表中的数据 `cate`
--

INSERT INTO `cate` (`id`, `store_id`, `name`, `desc`) VALUES
(1, 1, '汉堡/炸鸡', '汉堡炸鸡汉堡炸鸡'),
(2, 2, '鸡惠套餐', '鸡惠套餐鸡惠套餐'),
(3, 2, '正新鸡排', '招牌菜品，单单必点'),
(4, 2, '美味烤串', '疯狂撸串，串串爽到爆~'),
(5, 2, '经典热狗', '宅家必备餐品'),
(6, 2, '果汁饮品', '无炸鸡不饮品，听说他们家的饮品跟炸鸡更配哦'),
(7, 2, '新用户立减优惠套餐', '今天你吃鸡排了吗？'),
(8, 3, '口味必选', '根据您的口味选择'),
(9, 3, '黄焖鸡米饭', '黄焖鸡米饭'),
(10, 5, '经典酸辣粉', '经典酸辣粉'),
(11, 5, '肉夹馍', '好吃的肉夹馍');

-- --------------------------------------------------------

--
-- 表的结构 `custom`
--

CREATE TABLE IF NOT EXISTS `custom` (
  `id` int(12) NOT NULL AUTO_INCREMENT,
  `phone` varchar(255) DEFAULT NULL,
  `pass` varchar(255) DEFAULT NULL,
  `username` varchar(20) DEFAULT NULL,
  PRIMARY KEY (`id`),
  UNIQUE KEY `phone` (`phone`)
) ENGINE=InnoDB  DEFAULT CHARSET=utf8 AUTO_INCREMENT=6 ;

--
-- 转存表中的数据 `custom`
--

INSERT INTO `custom` (`id`, `phone`, `pass`, `username`) VALUES
(1, '15735806726', NULL, '小毅尔勒'),
(2, '15735806725', NULL, NULL),
(3, '15735804123', NULL, NULL),
(4, '15735804546', NULL, '张越'),
(5, '15735804285', NULL, NULL);

-- --------------------------------------------------------

--
-- 表的结构 `custom_address`
--

CREATE TABLE IF NOT EXISTS `custom_address` (
  `id` int(12) NOT NULL AUTO_INCREMENT,
  `uid` int(12) DEFAULT NULL,
  `is_default` int(12) NOT NULL DEFAULT '0',
  `phone` varchar(255) DEFAULT NULL,
  `address` varchar(255) DEFAULT NULL,
  `gender` varchar(255) DEFAULT NULL,
  `name` varchar(255) DEFAULT NULL,
  PRIMARY KEY (`id`),
  UNIQUE KEY `phone` (`phone`)
) ENGINE=InnoDB  DEFAULT CHARSET=utf8 AUTO_INCREMENT=50 ;

--
-- 转存表中的数据 `custom_address`
--

INSERT INTO `custom_address` (`id`, `uid`, `is_default`, `phone`, `address`, `gender`, `name`) VALUES
(1, NULL, 0, '120000000', '平阳路', '1', '姓名'),
(31, 2, 0, '1200000001', '平阳路', '1', '姓名'),
(35, 1, 0, '15735806726', '山西省太原市小店区', '1', '王郑毅'),
(36, 1, 1, '15735804546', '山西省忻州市原平市', '0', '张越'),
(37, 1, 0, '15735804656', '山西省太原市', '1', '刘志强'),
(38, 3, 1, '15835388653', '山西省太原市小店区凯通大厦', '1', '孙晓阳'),
(39, 4, 1, '15735804685', '山西古交', '1', '刘志伟'),
(48, 5, 0, '', '', '1', ''),
(49, 5, 1, '11111111', '11111', '1', '11111');

-- --------------------------------------------------------

--
-- 表的结构 `goods`
--

CREATE TABLE IF NOT EXISTS `goods` (
  `id` int(12) NOT NULL AUTO_INCREMENT,
  `cate_id` int(12) NOT NULL,
  `name` varchar(255) DEFAULT NULL,
  `pic` varchar(255) DEFAULT NULL,
  `price` float DEFAULT NULL,
  `desc` varchar(255) DEFAULT NULL,
  PRIMARY KEY (`id`)
) ENGINE=InnoDB  DEFAULT CHARSET=utf8 AUTO_INCREMENT=22 ;

--
-- 转存表中的数据 `goods`
--

INSERT INTO `goods` (`id`, `cate_id`, `name`, `pic`, `price`, `desc`) VALUES
(1, 1, '手枪腿', '/upload/0698b30c5e6091fea8e1a360bedcbc31.jpg', 20, '手枪腿手枪腿手枪腿'),
(2, 2, '鸡排一份，正新热狗肠一份，另送5元饮料一', '/upload/83e0cbc2050fa6edaf57959c8fa6752e.jpeg', 15, '鸡排一份，正新热狗肠一份，另送5元饮料一'),
(3, 2, '超大派鸡排烤翅单人餐A', '/upload/2767f609a5f83b410d09420c05b63336.jpeg', 15, '正新鸡排一份+疯狂烤翅一串+正新烤肉串3串+饮品一杯，超级实惠单人撸串套餐。'),
(4, 6, '冰霜柠檬茶', '/upload/f5f0fd1934b7ec90c208476feef80d00.jpeg', 20, '冰霜好喝'),
(5, 7, '正新鸡排一份+美味大肉串一串+果汁一杯 ', '/upload/815a845ecd470fe528ab36f2c2b57f77.jpeg', 20, '美味挡不住'),
(6, 7, '       正新鸡排一份+热狗一串+果汁一杯       ', '/upload/0a39dc72572fdf3f3b385b5bf2ecbed3.jpeg', 20, '每位挡不住'),
(7, 2, '正新藤椒鸡（半只）', '/upload/771bc91b0b255d87228717ec6d8ad0cb.jpeg', 15, '半只藤椒鸡，吃出新美味'),
(8, 5, '开花猪肉肠', '/upload/1e161e4c45b809dfbeff36ce597ab8c4.jpeg', 5, '纯肉烤肠，新品上市，欢迎选购'),
(9, 5, '正新烤肠', '/upload/788c801999ee795d7933e0593f26414e.jpeg', 5, '纯肉烤肠，新品上市，欢迎选购'),
(10, 3, '123123123', '/upload/8ea397e5ab0af0a81c98950835340cde.jpeg', 20, '111111'),
(11, 5, '23', '/upload/340107dea548dd1ffbc998fa412c8a01.jpeg', 123, '123'),
(12, 8, '不辣', '/upload/570bbe3ac41af8de49a0589d652f7d8e.jpeg', 0.01, '123'),
(13, 8, '微辣', '/upload/3158bec20a9fa8b40912806c611e9c8a.jpeg', 0.1, '微辣'),
(14, 8, '中辣', '/upload/ad237c0c72c3b6858989c6fb473c1352.jpeg', 0.01, '中辣'),
(15, 8, '重辣', '/upload/1ea068c61313769e96bf50db7c3fce2d.jpeg', 0.01, '重辣'),
(16, 9, '黄焖鸡（小份）', '/upload/dfd1ca1b400aa5fe3da1d088aae50a2b.jpeg', 9, '黄焖鸡小份'),
(17, 9, '黄焖鸡（大份）', '/upload/d45fac1c9a5267af8e441b0d13564137.jpeg', 12.5, '黄焖鸡大份'),
(18, 9, '黄焖排骨', '/upload/32255def71b647892b8a5161f3454d1c.jpeg', 38, '大份黄焖排骨'),
(19, 10, '招牌炸酱酸辣粉', '/upload/e8ce84f1fbedb9959fee91a7c79921d3.jpeg', 10, '好吃不腻'),
(20, 11, '肥瘦相间肉夹馍', '/upload/ad0496ec8684c3d5144b45c434b3b5e4.jpeg', 8, '肥瘦相间肉夹馍'),
(21, 11, '煎蛋肉夹馍', '/upload/fe9a4a0f99c874f9a73f9d9cb61fbb23.jpeg', 5, '煎蛋肉夹馍');

-- --------------------------------------------------------

--
-- 表的结构 `order`
--

CREATE TABLE IF NOT EXISTS `order` (
  `id` int(12) NOT NULL AUTO_INCREMENT,
  `uid` int(12) DEFAULT NULL,
  `custom_id` int(12) DEFAULT NULL,
  `address_id` int(12) DEFAULT NULL,
  `sid` int(12) DEFAULT NULL,
  `goods_list` mediumtext,
  `state` int(12) DEFAULT '0',
  PRIMARY KEY (`id`)
) ENGINE=InnoDB  DEFAULT CHARSET=utf8 AUTO_INCREMENT=18 ;

--
-- 转存表中的数据 `order`
--

INSERT INTO `order` (`id`, `uid`, `custom_id`, `address_id`, `sid`, `goods_list`, `state`) VALUES
(1, 3, 1, 35, 2, '[{"gid":2,"gname":"鸡排一份，正新热狗肠一份，另送5元饮料一","pic":"/upload/83e0cbc2050fa6edaf57959c8fa6752e.jpeg","price":15,"desc":"鸡排一份，正新热狗肠一份，另送5元饮料一","cid":2,"cname":"鸡惠套餐","cdesc":"鸡惠套餐鸡惠套餐","sid":2,"sname":"正新鸡排（太原学府店）","uid":3,"uname":"123456789","num":1,"spic":"/upload/6b5c2910a4e3b81b8f5ffc75f7c98358.png"},{"gid":3,"gname":"超大派鸡排烤翅单人餐A","pic":"/upload/2767f609a5f83b410d09420c05b63336.jpeg","price":15,"desc":"正新鸡排一份+疯狂烤翅一串+正新烤肉串3串+饮品一杯，超级实惠单人撸串套餐。","cid":2,"cname":"鸡惠套餐","cdesc":"鸡惠套餐鸡惠套餐","sid":2,"sname":"正新鸡排（太原学府店）","uid":3,"uname":"123456789","num":1,"spic":"/upload/6b5c2910a4e3b81b8f5ffc75f7c98358.png"},{"gid":4,"gname":"冰霜柠檬茶","pic":"/upload/f5f0fd1934b7ec90c208476feef80d00.jpeg","price":20,"desc":"冰霜好喝","cid":6,"cname":"果汁饮品","cdesc":"无炸鸡不饮品，听说他们家的饮品跟炸鸡更配哦","sid":2,"sname":"正新鸡排（太原学府店）","uid":3,"uname":"123456789","num":1,"spic":"/upload/6b5c2910a4e3b81b8f5ffc75f7c98358.png"},{"gid":5,"gname":"正新鸡排一份+美味大肉串一串+果汁一杯 ","pic":"/upload/815a845ecd470fe528ab36f2c2b57f77.jpeg","price":20,"desc":"美味挡不住","cid":7,"cname":"新用户立减优惠套餐","cdesc":"今天你吃鸡排了吗？","sid":2,"sname":"正新鸡排（太原学府店）","uid":3,"uname":"123456789","num":1,"spic":"/upload/6b5c2910a4e3b81b8f5ffc75f7c98358.png"},{"gid":6,"gname":"       正新鸡排一份+热狗一串+果汁一杯       ","pic":"/upload/0a39dc72572fdf3f3b385b5bf2ecbed3.jpeg","price":20,"desc":"每位挡不住","cid":7,"cname":"新用户立减优惠套餐","cdesc":"今天你吃鸡排了吗？","sid":2,"sname":"正新鸡排（太原学府店）","uid":3,"uname":"123456789","num":1,"spic":"/upload/6b5c2910a4e3b81b8f5ffc75f7c98358.png"},{"gid":7,"gname":"正新藤椒鸡（半只）","pic":"/upload/771bc91b0b255d87228717ec6d8ad0cb.jpeg","price":15,"desc":"半只藤椒鸡，吃出新美味","cid":2,"cname":"鸡惠套餐","cdesc":"鸡惠套餐鸡惠套餐","sid":2,"sname":"正新鸡排（太原学府店）","uid":3,"uname":"123456789","num":1,"spic":"/upload/6b5c2910a4e3b81b8f5ffc75f7c98358.png"},{"gid":8,"gname":"开花猪肉肠","pic":"/upload/1e161e4c45b809dfbeff36ce597ab8c4.jpeg","price":5,"desc":"纯肉烤肠，新品上市，欢迎选购","cid":5,"cname":"经典热狗","cdesc":"宅家必备餐品","sid":2,"sname":"正新鸡排（太原学府店）","uid":3,"uname":"123456789","num":1,"spic":"/upload/6b5c2910a4e3b81b8f5ffc75f7c98358.png"},{"gid":9,"gname":"正新烤肠","pic":"/upload/788c801999ee795d7933e0593f26414e.jpeg","price":5,"desc":"纯肉烤肠，新品上市，欢迎选购","cid":5,"cname":"经典热狗","cdesc":"宅家必备餐品","sid":2,"sname":"正新鸡排（太原学府店）","uid":3,"uname":"123456789","num":1,"spic":"/upload/6b5c2910a4e3b81b8f5ffc75f7c98358.png"}]', 0),
(2, 3, 1, 35, 2, '[{"gid":2,"gname":"鸡排一份，正新热狗肠一份，另送5元饮料一","pic":"/upload/83e0cbc2050fa6edaf57959c8fa6752e.jpeg","price":15,"desc":"鸡排一份，正新热狗肠一份，另送5元饮料一","cid":2,"cname":"鸡惠套餐","cdesc":"鸡惠套餐鸡惠套餐","sid":2,"sname":"正新鸡排（太原学府店）","uid":3,"uname":"123456789","num":2,"spic":"/upload/6b5c2910a4e3b81b8f5ffc75f7c98358.png"}]', 0),
(3, 1, 1, 35, 1, '[{"gid":1,"gname":"手枪腿","pic":"/upload/0698b30c5e6091fea8e1a360bedcbc31.jpg","price":20,"desc":"手枪腿手枪腿手枪腿","cid":1,"cname":"汉堡/炸鸡","cdesc":"汉堡炸鸡汉堡炸鸡","sid":1,"sname":"肯德基","uid":1,"uname":"15735806726","num":2,"spic":"/upload/b66a0a839d5e903bb7d455ae3cccddcf.jpg"}]', 0),
(4, 1, 1, 35, 1, '[{"gid":1,"gname":"手枪腿","pic":"/upload/0698b30c5e6091fea8e1a360bedcbc31.jpg","price":20,"desc":"手枪腿手枪腿手枪腿","cid":1,"cname":"汉堡/炸鸡","cdesc":"汉堡炸鸡汉堡炸鸡","sid":1,"sname":"肯德基","uid":1,"uname":"15735806726","num":9,"spic":"/upload/b66a0a839d5e903bb7d455ae3cccddcf.jpg"}]', 0),
(5, 3, 1, 35, 2, '[{"gid":2,"gname":"鸡排一份，正新热狗肠一份，另送5元饮料一","pic":"/upload/83e0cbc2050fa6edaf57959c8fa6752e.jpeg","price":15,"desc":"鸡排一份，正新热狗肠一份，另送5元饮料一","cid":2,"cname":"鸡惠套餐","cdesc":"鸡惠套餐鸡惠套餐","sid":2,"sname":"正新鸡排（太原学府店）","uid":3,"uname":"123456789","num":2,"spic":"/upload/6b5c2910a4e3b81b8f5ffc75f7c98358.png"},{"gid":3,"gname":"超大派鸡排烤翅单人餐A","pic":"/upload/2767f609a5f83b410d09420c05b63336.jpeg","price":15,"desc":"正新鸡排一份+疯狂烤翅一串+正新烤肉串3串+饮品一杯，超级实惠单人撸串套餐。","cid":2,"cname":"鸡惠套餐","cdesc":"鸡惠套餐鸡惠套餐","sid":2,"sname":"正新鸡排（太原学府店）","uid":3,"uname":"123456789","num":1,"spic":"/upload/6b5c2910a4e3b81b8f5ffc75f7c98358.png"},{"gid":7,"gname":"正新藤椒鸡（半只）","pic":"/upload/771bc91b0b255d87228717ec6d8ad0cb.jpeg","price":15,"desc":"半只藤椒鸡，吃出新美味","cid":2,"cname":"鸡惠套餐","cdesc":"鸡惠套餐鸡惠套餐","sid":2,"sname":"正新鸡排（太原学府店）","uid":3,"uname":"123456789","num":5,"spic":"/upload/6b5c2910a4e3b81b8f5ffc75f7c98358.png"},{"gid":8,"gname":"开花猪肉肠","pic":"/upload/1e161e4c45b809dfbeff36ce597ab8c4.jpeg","price":5,"desc":"纯肉烤肠，新品上市，欢迎选购","cid":5,"cname":"经典热狗","cdesc":"宅家必备餐品","sid":2,"sname":"正新鸡排（太原学府店）","uid":3,"uname":"123456789","num":2,"spic":"/upload/6b5c2910a4e3b81b8f5ffc75f7c98358.png"},{"gid":9,"gname":"正新烤肠","pic":"/upload/788c801999ee795d7933e0593f26414e.jpeg","price":5,"desc":"纯肉烤肠，新品上市，欢迎选购","cid":5,"cname":"经典热狗","cdesc":"宅家必备餐品","sid":2,"sname":"正新鸡排（太原学府店）","uid":3,"uname":"123456789","num":3,"spic":"/upload/6b5c2910a4e3b81b8f5ffc75f7c98358.png"}]', 0),
(6, 3, 1, 37, 2, '[{"gid":3,"gname":"超大派鸡排烤翅单人餐A","pic":"/upload/2767f609a5f83b410d09420c05b63336.jpeg","price":15,"desc":"正新鸡排一份+疯狂烤翅一串+正新烤肉串3串+饮品一杯，超级实惠单人撸串套餐。","cid":2,"cname":"鸡惠套餐","cdesc":"鸡惠套餐鸡惠套餐","sid":2,"sname":"正新鸡排（太原学府店）","uid":3,"uname":"123456789","num":1,"spic":"/upload/6b5c2910a4e3b81b8f5ffc75f7c98358.png"},{"gid":7,"gname":"正新藤椒鸡（半只）","pic":"/upload/771bc91b0b255d87228717ec6d8ad0cb.jpeg","price":15,"desc":"半只藤椒鸡，吃出新美味","cid":2,"cname":"鸡惠套餐","cdesc":"鸡惠套餐鸡惠套餐","sid":2,"sname":"正新鸡排（太原学府店）","uid":3,"uname":"123456789","num":1,"spic":"/upload/6b5c2910a4e3b81b8f5ffc75f7c98358.png"}]', 0),
(7, 1, 1, 37, 1, '[{"gid":1,"gname":"手枪腿","pic":"/upload/0698b30c5e6091fea8e1a360bedcbc31.jpg","price":20,"desc":"手枪腿手枪腿手枪腿","cid":1,"cname":"汉堡/炸鸡","cdesc":"汉堡炸鸡汉堡炸鸡","sid":1,"sname":"肯德基","uid":1,"uname":"15735806726","num":2,"spic":"/upload/b66a0a839d5e903bb7d455ae3cccddcf.jpg"}]', 0),
(8, 3, 1, 37, 2, '[{"gid":2,"gname":"鸡排一份，正新热狗肠一份，另送5元饮料一","pic":"/upload/83e0cbc2050fa6edaf57959c8fa6752e.jpeg","price":15,"desc":"鸡排一份，正新热狗肠一份，另送5元饮料一","cid":2,"cname":"鸡惠套餐","cdesc":"鸡惠套餐鸡惠套餐","sid":2,"sname":"正新鸡排（太原学府店）","uid":3,"uname":"123456789","num":1,"spic":"/upload/6b5c2910a4e3b81b8f5ffc75f7c98358.png"},{"gid":3,"gname":"超大派鸡排烤翅单人餐A","pic":"/upload/2767f609a5f83b410d09420c05b63336.jpeg","price":15,"desc":"正新鸡排一份+疯狂烤翅一串+正新烤肉串3串+饮品一杯，超级实惠单人撸串套餐。","cid":2,"cname":"鸡惠套餐","cdesc":"鸡惠套餐鸡惠套餐","sid":2,"sname":"正新鸡排（太原学府店）","uid":3,"uname":"123456789","num":1,"spic":"/upload/6b5c2910a4e3b81b8f5ffc75f7c98358.png"}]', 0),
(9, 1, 1, 35, 1, '[{"gid":1,"gname":"手枪腿","pic":"/upload/0698b30c5e6091fea8e1a360bedcbc31.jpg","price":20,"desc":"手枪腿手枪腿手枪腿","cid":1,"cname":"汉堡/炸鸡","cdesc":"汉堡炸鸡汉堡炸鸡","sid":1,"sname":"肯德基","uid":1,"uname":"15735806726","num":3,"spic":"/upload/b66a0a839d5e903bb7d455ae3cccddcf.jpg"}]', 0),
(10, 3, 1, 35, 2, '[{"gid":2,"gname":"鸡排一份，正新热狗肠一份，另送5元饮料一","pic":"/upload/83e0cbc2050fa6edaf57959c8fa6752e.jpeg","price":15,"desc":"鸡排一份，正新热狗肠一份，另送5元饮料一","cid":2,"cname":"鸡惠套餐","cdesc":"鸡惠套餐鸡惠套餐","sid":2,"sname":"正新鸡排（太原学府店）","uid":3,"uname":"123456789","num":5,"spic":"/upload/6b5c2910a4e3b81b8f5ffc75f7c98358.png"},{"gid":3,"gname":"超大派鸡排烤翅单人餐A","pic":"/upload/2767f609a5f83b410d09420c05b63336.jpeg","price":15,"desc":"正新鸡排一份+疯狂烤翅一串+正新烤肉串3串+饮品一杯，超级实惠单人撸串套餐。","cid":2,"cname":"鸡惠套餐","cdesc":"鸡惠套餐鸡惠套餐","sid":2,"sname":"正新鸡排（太原学府店）","uid":3,"uname":"123456789","num":5,"spic":"/upload/6b5c2910a4e3b81b8f5ffc75f7c98358.png"},{"gid":4,"gname":"冰霜柠檬茶","pic":"/upload/f5f0fd1934b7ec90c208476feef80d00.jpeg","price":20,"desc":"冰霜好喝","cid":6,"cname":"果汁饮品","cdesc":"无炸鸡不饮品，听说他们家的饮品跟炸鸡更配哦","sid":2,"sname":"正新鸡排（太原学府店）","uid":3,"uname":"123456789","num":5,"spic":"/upload/6b5c2910a4e3b81b8f5ffc75f7c98358.png"},{"gid":5,"gname":"正新鸡排一份+美味大肉串一串+果汁一杯 ","pic":"/upload/815a845ecd470fe528ab36f2c2b57f77.jpeg","price":20,"desc":"美味挡不住","cid":7,"cname":"新用户立减优惠套餐","cdesc":"今天你吃鸡排了吗？","sid":2,"sname":"正新鸡排（太原学府店）","uid":3,"uname":"123456789","num":5,"spic":"/upload/6b5c2910a4e3b81b8f5ffc75f7c98358.png"},{"gid":6,"gname":"       正新鸡排一份+热狗一串+果汁一杯       ","pic":"/upload/0a39dc72572fdf3f3b385b5bf2ecbed3.jpeg","price":20,"desc":"每位挡不住","cid":7,"cname":"新用户立减优惠套餐","cdesc":"今天你吃鸡排了吗？","sid":2,"sname":"正新鸡排（太原学府店）","uid":3,"uname":"123456789","num":5,"spic":"/upload/6b5c2910a4e3b81b8f5ffc75f7c98358.png"},{"gid":7,"gname":"正新藤椒鸡（半只）","pic":"/upload/771bc91b0b255d87228717ec6d8ad0cb.jpeg","price":15,"desc":"半只藤椒鸡，吃出新美味","cid":2,"cname":"鸡惠套餐","cdesc":"鸡惠套餐鸡惠套餐","sid":2,"sname":"正新鸡排（太原学府店）","uid":3,"uname":"123456789","num":5,"spic":"/upload/6b5c2910a4e3b81b8f5ffc75f7c98358.png"},{"gid":8,"gname":"开花猪肉肠","pic":"/upload/1e161e4c45b809dfbeff36ce597ab8c4.jpeg","price":5,"desc":"纯肉烤肠，新品上市，欢迎选购","cid":5,"cname":"经典热狗","cdesc":"宅家必备餐品","sid":2,"sname":"正新鸡排（太原学府店）","uid":3,"uname":"123456789","num":5,"spic":"/upload/6b5c2910a4e3b81b8f5ffc75f7c98358.png"},{"gid":9,"gname":"正新烤肠","pic":"/upload/788c801999ee795d7933e0593f26414e.jpeg","price":5,"desc":"纯肉烤肠，新品上市，欢迎选购","cid":5,"cname":"经典热狗","cdesc":"宅家必备餐品","sid":2,"sname":"正新鸡排（太原学府店）","uid":3,"uname":"123456789","num":5,"spic":"/upload/6b5c2910a4e3b81b8f5ffc75f7c98358.png"}]', 0),
(11, 3, 4, 39, 2, '[{"gid":2,"gname":"鸡排一份，正新热狗肠一份，另送5元饮料一","pic":"/upload/83e0cbc2050fa6edaf57959c8fa6752e.jpeg","price":15,"desc":"鸡排一份，正新热狗肠一份，另送5元饮料一","cid":2,"cname":"鸡惠套餐","cdesc":"鸡惠套餐鸡惠套餐","sid":2,"sname":"正新鸡排（太原学府店）","uid":3,"uname":"123456789","num":1,"spic":"/upload/6b5c2910a4e3b81b8f5ffc75f7c98358.png"},{"gid":3,"gname":"超大派鸡排烤翅单人餐A","pic":"/upload/2767f609a5f83b410d09420c05b63336.jpeg","price":15,"desc":"正新鸡排一份+疯狂烤翅一串+正新烤肉串3串+饮品一杯，超级实惠单人撸串套餐。","cid":2,"cname":"鸡惠套餐","cdesc":"鸡惠套餐鸡惠套餐","sid":2,"sname":"正新鸡排（太原学府店）","uid":3,"uname":"123456789","num":1,"spic":"/upload/6b5c2910a4e3b81b8f5ffc75f7c98358.png"},{"gid":5,"gname":"正新鸡排一份+美味大肉串一串+果汁一杯 ","pic":"/upload/815a845ecd470fe528ab36f2c2b57f77.jpeg","price":20,"desc":"美味挡不住","cid":7,"cname":"新用户立减优惠套餐","cdesc":"今天你吃鸡排了吗？","sid":2,"sname":"正新鸡排（太原学府店）","uid":3,"uname":"123456789","num":1,"spic":"/upload/6b5c2910a4e3b81b8f5ffc75f7c98358.png"},{"gid":6,"gname":"       正新鸡排一份+热狗一串+果汁一杯       ","pic":"/upload/0a39dc72572fdf3f3b385b5bf2ecbed3.jpeg","price":20,"desc":"每位挡不住","cid":7,"cname":"新用户立减优惠套餐","cdesc":"今天你吃鸡排了吗？","sid":2,"sname":"正新鸡排（太原学府店）","uid":3,"uname":"123456789","num":1,"spic":"/upload/6b5c2910a4e3b81b8f5ffc75f7c98358.png"},{"gid":7,"gname":"正新藤椒鸡（半只）","pic":"/upload/771bc91b0b255d87228717ec6d8ad0cb.jpeg","price":15,"desc":"半只藤椒鸡，吃出新美味","cid":2,"cname":"鸡惠套餐","cdesc":"鸡惠套餐鸡惠套餐","sid":2,"sname":"正新鸡排（太原学府店）","uid":3,"uname":"123456789","num":1,"spic":"/upload/6b5c2910a4e3b81b8f5ffc75f7c98358.png"},{"gid":8,"gname":"开花猪肉肠","pic":"/upload/1e161e4c45b809dfbeff36ce597ab8c4.jpeg","price":5,"desc":"纯肉烤肠，新品上市，欢迎选购","cid":5,"cname":"经典热狗","cdesc":"宅家必备餐品","sid":2,"sname":"正新鸡排（太原学府店）","uid":3,"uname":"123456789","num":1,"spic":"/upload/6b5c2910a4e3b81b8f5ffc75f7c98358.png"},{"gid":9,"gname":"正新烤肠","pic":"/upload/788c801999ee795d7933e0593f26414e.jpeg","price":5,"desc":"纯肉烤肠，新品上市，欢迎选购","cid":5,"cname":"经典热狗","cdesc":"宅家必备餐品","sid":2,"sname":"正新鸡排（太原学府店）","uid":3,"uname":"123456789","num":1,"spic":"/upload/6b5c2910a4e3b81b8f5ffc75f7c98358.png"}]', 0),
(12, 3, 5, 49, 2, '[{"gid":2,"gname":"鸡排一份，正新热狗肠一份，另送5元饮料一","pic":"/upload/83e0cbc2050fa6edaf57959c8fa6752e.jpeg","price":15,"desc":"鸡排一份，正新热狗肠一份，另送5元饮料一","cid":2,"cname":"鸡惠套餐","cdesc":"鸡惠套餐鸡惠套餐","sid":2,"sname":"正新鸡排（太原学府店）","uid":3,"uname":"123456789","num":1,"spic":"/upload/6b5c2910a4e3b81b8f5ffc75f7c98358.png"},{"gid":3,"gname":"超大派鸡排烤翅单人餐A","pic":"/upload/2767f609a5f83b410d09420c05b63336.jpeg","price":15,"desc":"正新鸡排一份+疯狂烤翅一串+正新烤肉串3串+饮品一杯，超级实惠单人撸串套餐。","cid":2,"cname":"鸡惠套餐","cdesc":"鸡惠套餐鸡惠套餐","sid":2,"sname":"正新鸡排（太原学府店）","uid":3,"uname":"123456789","num":1,"spic":"/upload/6b5c2910a4e3b81b8f5ffc75f7c98358.png"},{"gid":4,"gname":"冰霜柠檬茶","pic":"/upload/f5f0fd1934b7ec90c208476feef80d00.jpeg","price":20,"desc":"冰霜好喝","cid":6,"cname":"果汁饮品","cdesc":"无炸鸡不饮品，听说他们家的饮品跟炸鸡更配哦","sid":2,"sname":"正新鸡排（太原学府店）","uid":3,"uname":"123456789","num":1,"spic":"/upload/6b5c2910a4e3b81b8f5ffc75f7c98358.png"},{"gid":5,"gname":"正新鸡排一份+美味大肉串一串+果汁一杯 ","pic":"/upload/815a845ecd470fe528ab36f2c2b57f77.jpeg","price":20,"desc":"美味挡不住","cid":7,"cname":"新用户立减优惠套餐","cdesc":"今天你吃鸡排了吗？","sid":2,"sname":"正新鸡排（太原学府店）","uid":3,"uname":"123456789","num":1,"spic":"/upload/6b5c2910a4e3b81b8f5ffc75f7c98358.png"},{"gid":6,"gname":"       正新鸡排一份+热狗一串+果汁一杯       ","pic":"/upload/0a39dc72572fdf3f3b385b5bf2ecbed3.jpeg","price":20,"desc":"每位挡不住","cid":7,"cname":"新用户立减优惠套餐","cdesc":"今天你吃鸡排了吗？","sid":2,"sname":"正新鸡排（太原学府店）","uid":3,"uname":"123456789","num":6,"spic":"/upload/6b5c2910a4e3b81b8f5ffc75f7c98358.png"},{"gid":7,"gname":"正新藤椒鸡（半只）","pic":"/upload/771bc91b0b255d87228717ec6d8ad0cb.jpeg","price":15,"desc":"半只藤椒鸡，吃出新美味","cid":2,"cname":"鸡惠套餐","cdesc":"鸡惠套餐鸡惠套餐","sid":2,"sname":"正新鸡排（太原学府店）","uid":3,"uname":"123456789","num":1,"spic":"/upload/6b5c2910a4e3b81b8f5ffc75f7c98358.png"}]', 0),
(13, 1, 1, 35, 1, '[{"gid":1,"gname":"手枪腿","pic":"/upload/0698b30c5e6091fea8e1a360bedcbc31.jpg","price":20,"desc":"手枪腿手枪腿手枪腿","cid":1,"cname":"汉堡/炸鸡","cdesc":"汉堡炸鸡汉堡炸鸡","sid":1,"sname":"肯德基","uid":1,"uname":"15735806726","num":3,"spic":"/upload/b66a0a839d5e903bb7d455ae3cccddcf.jpg"}]', 0),
(14, 1, 1, 35, 1, '[{"gid":1,"gname":"手枪腿","pic":"/upload/0698b30c5e6091fea8e1a360bedcbc31.jpg","price":20,"desc":"手枪腿手枪腿手枪腿","cid":1,"cname":"汉堡/炸鸡","cdesc":"汉堡炸鸡汉堡炸鸡","sid":1,"sname":"肯德基","uid":1,"uname":"15735806726","num":3,"spic":"/upload/b66a0a839d5e903bb7d455ae3cccddcf.jpg"}]', 0),
(15, 3, 1, 35, 2, '[{"gid":7,"gname":"正新藤椒鸡（半只）","pic":"/upload/771bc91b0b255d87228717ec6d8ad0cb.jpeg","price":15,"desc":"半只藤椒鸡，吃出新美味","cid":2,"cname":"鸡惠套餐","cdesc":"鸡惠套餐鸡惠套餐","sid":2,"sname":"正新鸡排（太原学府店）","uid":3,"uname":"123456789","num":2,"spic":"/upload/6b5c2910a4e3b81b8f5ffc75f7c98358.png"}]', 0),
(16, 3, 1, 35, 2, '[{"gid":7,"gname":"正新藤椒鸡（半只）","pic":"/upload/771bc91b0b255d87228717ec6d8ad0cb.jpeg","price":15,"desc":"半只藤椒鸡，吃出新美味","cid":2,"cname":"鸡惠套餐","cdesc":"鸡惠套餐鸡惠套餐","sid":2,"sname":"正新鸡排（太原学府店）","uid":3,"uname":"123456789","num":2,"spic":"/upload/6b5c2910a4e3b81b8f5ffc75f7c98358.png"}]', 0),
(17, 3, 1, 36, 2, '[{"gid":3,"gname":"超大派鸡排烤翅单人餐A","pic":"/upload/2767f609a5f83b410d09420c05b63336.jpeg","price":15,"desc":"正新鸡排一份+疯狂烤翅一串+正新烤肉串3串+饮品一杯，超级实惠单人撸串套餐。","cid":2,"cname":"鸡惠套餐","cdesc":"鸡惠套餐鸡惠套餐","sid":2,"sname":"正新鸡排（太原学府店）","uid":3,"uname":"123456789","num":1,"spic":"/upload/6b5c2910a4e3b81b8f5ffc75f7c98358.png"},{"gid":4,"gname":"冰霜柠檬茶","pic":"/upload/f5f0fd1934b7ec90c208476feef80d00.jpeg","price":20,"desc":"冰霜好喝","cid":6,"cname":"果汁饮品","cdesc":"无炸鸡不饮品，听说他们家的饮品跟炸鸡更配哦","sid":2,"sname":"正新鸡排（太原学府店）","uid":3,"uname":"123456789","num":1,"spic":"/upload/6b5c2910a4e3b81b8f5ffc75f7c98358.png"},{"gid":7,"gname":"正新藤椒鸡（半只）","pic":"/upload/771bc91b0b255d87228717ec6d8ad0cb.jpeg","price":15,"desc":"半只藤椒鸡，吃出新美味","cid":2,"cname":"鸡惠套餐","cdesc":"鸡惠套餐鸡惠套餐","sid":2,"sname":"正新鸡排（太原学府店）","uid":3,"uname":"123456789","num":1,"spic":"/upload/6b5c2910a4e3b81b8f5ffc75f7c98358.png"}]', 0);

-- --------------------------------------------------------

--
-- 表的结构 `shop`
--

CREATE TABLE IF NOT EXISTS `shop` (
  `sid` int(255) NOT NULL AUTO_INCREMENT COMMENT '商家id',
  `slogo` varchar(255) DEFAULT NULL COMMENT '商家logo',
  `sname` varchar(255) NOT NULL COMMENT '商家名称',
  `sstar` float NOT NULL COMMENT '商家评分',
  `sprice` int(255) NOT NULL COMMENT '商家起送价',
  `sdeliver` int(255) NOT NULL COMMENT '配送费',
  `saddress` varchar(500) NOT NULL COMMENT '商家地址',
  `snotice` varchar(1000) NOT NULL COMMENT '商家公告',
  `sattitude` float NOT NULL COMMENT '评分',
  `sevaluation` float NOT NULL COMMENT '菜品评价',
  `spic` varchar(255) NOT NULL COMMENT '商家实景',
  `sinfomation` varchar(1000) NOT NULL COMMENT '商家信息',
  `sphone` varchar(40) NOT NULL COMMENT '商家电话',
  `shours` varchar(100) NOT NULL COMMENT '营业时间',
  `squalification` varchar(2000) DEFAULT NULL COMMENT '营业资质',
  `shopid` int(255) NOT NULL COMMENT '商店标示',
  `uid` int(12) NOT NULL,
  PRIMARY KEY (`sid`)
) ENGINE=InnoDB  DEFAULT CHARSET=utf8 AUTO_INCREMENT=499 ;

--
-- 转存表中的数据 `shop`
--

INSERT INTO `shop` (`sid`, `slogo`, `sname`, `sstar`, `sprice`, `sdeliver`, `saddress`, `snotice`, `sattitude`, `sevaluation`, `spic`, `sinfomation`, `sphone`, `shours`, `squalification`, `shopid`, `uid`) VALUES
(3, '23988eb1a77b2f23b5be20e3fbad4feejpeg', '阿建炒鸡', 4.2, 15, 4, '临汾开发区党家楼社区居委会科技楼中院', '提前预约定餐，和团购，特别优惠，', 4.2, 4.2, '23988eb1a77b2f23b5be20e3fbad4feejpeg', '炒公鸡都是活鸡，口味新鲜，欢迎品尝', '18035111719 17603571', '10:00/01:00', NULL, 156562293, 1),
(4, '804eab62816e8f660d8fc40d47a37dadpng', '老潼关肉夹馍（青狮街店）', 0, 0, 4, '临汾市尧都区青狮北街供合一层南侧B', '', 0, 0, '804eab62816e8f660d8fc40d47a37dadpng', '', '13835764094', '10:00/21:30', NULL, 159147284, 2),
(6, '7bc0a6296db826718c0c1d54b94d900bpng', '白家牛肉丸子面', 4.7, 15, 4, '临汾开发区坂下社区居委会幸福巷1号临街门店', '', 4.7, 4.7, '7bc0a6296db826718c0c1d54b94d900bpng', '', '15582392327 15582392', '00:00/02:00', NULL, 153788440, 3),
(7, '6bb53330f2169169dac5799ca02615eejpeg', '白娃小炖肉拌面', 4, 15, 4, '临汾市尧都区平阳北街', '本店推荐您在饿了么网上订餐，优先配送饿了么、淘宝、支付宝、苏宁网上订餐', 4, 4, '6bb53330f2169169dac5799ca02615eejpeg', '本店推荐您在饿了么网上订餐，优先配送饿了么、淘宝、支付宝、苏宁网上订餐', '18435740552', '09:00/14:55', NULL, 150129984, 4),
(8, 'e994cbfdb80fe23a94af8b4527419512png', '小鸡快跑（建设路店）', 4.2, 0, 4, '临汾市尧都区建设路4号门店', '本店推荐您在饿了么网上订餐，优先配送饿了么、淘宝、支付宝、苏宁网上订餐', 4.2, 4.2, 'e994cbfdb80fe23a94af8b4527419512png', '本店推荐您在饿了么网上订餐，优先配送饿了么、淘宝、支付宝、苏宁网上订餐', '13934687493', '09:00/23:30', NULL, 2105101, 5),
(10, 'aac4d3b23bf50b2f895044d506889c5djpeg', '西安米线店（平阳广场店）', 4.7, 7, 4, '临汾市尧都区解放东路花果茶饭店楼下', '', 4.7, 4.7, 'aac4d3b23bf50b2f895044d506889c5djpeg', '', '13453790221 18435750', '09:00/22:00', NULL, 156153116, 6),
(12, '8494a7a2a2cd258e325333d89046ae96jpeg', '饭娘', 4.5, 15, 3, '山西省临汾市尧都区环城北路北6巷', '本店优先配送饿了么外卖订单\n饭娘出品，必属精品', 4.5, 4.5, '8494a7a2a2cd258e325333d89046ae96jpeg', '本店优先配送饿了么外卖订单\n饭娘出品，必属精品', '7188155', '09:00/21:00', NULL, 729536, 7),
(13, '6c8d056b42d52f3470155c692db759eapng', '婆婆神羊汤（河汾路店）', 4.9, 15, 4, '临汾开发区河汾路南扬州饭店一层', '', 4.9, 4.9, '6c8d056b42d52f3470155c692db759eapng', '', '15903475499', '10:00/22:00', NULL, 157731788, 8),
(14, 'ebcbc9532c47025a3f971a7f366f49e1jpeg', '川越麻辣香锅', 4.8, 15, 4, '临汾市尧都区中大街西关北园108号', '本店不接受分口袋的订单，本店套餐均不含米饭，需要米饭的需要额外单点，菜品每份重量为五十克，我们会按照备注要求出餐，所以有忌口，少油，少盐，少辣等特殊要求请提前备注，麻辣香锅炒制过程中会有一点汤，想要干一点请备注，本店不接受汤多、太辣、太油、太咸等因不备注所产生的差评，望须知...', 4.8, 4.8, 'ebcbc9532c47025a3f971a7f366f49e1jpeg', '本店推荐您在饿了么网上订餐，优先配送饿了么、淘宝、支付宝、苏宁网上订餐', '0357-5888855', '10:30/14:00', NULL, 150040055, 0),
(15, '73fe5799af630cc0b6c548d11379312fjpeg', '好滋味过桥米线炸鸡烤肉拌饭', 4.2, 17, 5, '临汾市尧都区东关路南', '订餐滴宝宝们，米线为袋子打包 如需要餐盒请直接买 15元及以上餐盒为2元的。', 4.2, 4.2, '73fe5799af630cc0b6c548d11379312fjpeg', '叫外卖，上饿了么！', '15934525770', '10:00/14:00', NULL, 198233, 0),
(16, 'dce456d9276fbf046d87442df370e2d8jpeg', '重庆鲜瘦肉丸子包(建设路南口店)', 5, 15, 3, '临汾市尧都区建设路南口路东2号楼022号', '北城第一家 特色盖饭 丸子包 麻辣烫', 5, 5, 'dce456d9276fbf046d87442df370e2d8jpeg', '重庆特色美食 ', '13363574288', '06:45/21:30', NULL, 152604695, 0),
(17, '489afcabe81f41c7f59477dfb66cd945jpeg', '老杨家腊汁肉夹馍（向阳西路店）', 5, 15, 4, '临汾开发区向阳西路郭家庄社区居委会幸福街4号', '', 5, 5, '489afcabe81f41c7f59477dfb66cd945jpeg', '', '13363578306', '09:00/11:50', NULL, 157206174, 0),
(18, '4716c2b109c193e8418e0974790cb228jpeg', '鸡排恋上堡(科委店)', 4.8, 15, 4, '临汾市尧都区科委巷南口生龙国际西侧对面', '最高鸡密品牌更新升级，鸡排恋上堡，新形象，新产品，新体验，鸡排与汉堡的蜜恋故事从这里开始...', 4.8, 4.8, '4716c2b109c193e8418e0974790cb228jpeg', '', '3952289', '09:00/21:00', NULL, 2252956, 0),
(19, '0561b243026643ea37bf646b7a2d896cjpeg', '重庆鸡公煲（扁担巷店）', 4.3, 15, 4, '临汾市尧都区扁担巷路东15号楼111号', '', 4.3, 4.3, '0561b243026643ea37bf646b7a2d896cjpeg', '', '13753706878', '00:00/24:00', NULL, 156739865, 0),
(20, '621745add31262249815b442681b1008jpeg', '京畿道韩国料理', 5, 0, 4, '临汾市尧都区平阳中街5号', '', 5, 5, '621745add31262249815b442681b1008jpeg', '', '0357-6763868', '10:30/20:00', NULL, 142897340, 0),
(21, '7d348a777a6b444dc317cc24d101220cjpeg', '肯德基宅急送（尧都店）', 4.4, 0, 9, '临汾市鼓楼小区G区6号楼', '本餐厅不使用饿了么配送，由肯德基宅急送官方品牌配送，会员用户无法享受免配送费服务', 4.4, 4.4, '7d348a777a6b444dc317cc24d101220cjpeg', '肯德基宅急送（尧都店）', '4009208801', '10:00/21:55', NULL, 387137, 0),
(22, '0161a144d861e8a6320b19ebd03d6372jpeg', '过桥米线大盘鸡', 5, 10, 4, '临汾市尧都区兵站路13号', '本店物美价廉，让您吃的美美哒。', 5, 5, '0161a144d861e8a6320b19ebd03d6372jpeg', '', '15835713461', '10:00/21:30', NULL, 157465302, 0),
(23, '489afcabe81f41c7f59477dfb66cd945jpeg', '老杨家腊汁肉夹馍（向阳西路店）', 5, 15, 4, '临汾开发区向阳西路郭家庄社区居委会幸福街4号', '', 5, 5, '489afcabe81f41c7f59477dfb66cd945jpeg', '', '13363578306', '09:00/11:50', NULL, 157206174, 0),
(24, '198860e2e655885fcfa5491df071b657jpeg', '瑞氏大盘鸡（解放路桥头）', 5, 15, 4, '临汾市尧都区解放东路电力宾馆西边', '本店推荐您在饿了么网上订餐，优先配送饿了么、淘宝、支付宝、苏宁网上订餐 1、为保证餐品及时到您手中，请保持电话畅通方便送餐员及时联系。 2、首次订餐用户，饿了么客服会对您的订单进行电话确认（来电区号为021） 3、外卖制作+配送都需要耗费时间，希望大家提前预订，避开用餐高峰；有特殊需求，请在订单备注填 4、如遇到菜品问题／配送问题可及时电话咨询商家！我们会以最快的速度进行解决！', 5, 5, '198860e2e655885fcfa5491df071b657jpeg', '本店推荐您在饿了么网上订餐，优先配送饿了么、淘宝、支付宝、苏宁网上订餐 1、为保证餐品及时到您手中，请保持电话畅通方便送餐员及时联系。 2、首次订餐用户，饿了么客服会对您的订单进行电话确认（来电区号为021） 3、外卖制作+配送都需要耗费时间，希望大家提前预订，避开用餐高峰；有特殊需求，请在订单备注填 4、如遇到菜品问题／配送问题可及时电话咨询商家！我们会以最快的速度进行解决！', '13835725314', '10:00/23:00', NULL, 1471538, 0),
(25, '27dc92f1162307ccd21daf6a9c15e642jpeg', '佈麻佈辣火锅冒菜', 4.6, 15, 4, '临汾市尧都区琉璃巷5号', '', 4.6, 4.6, '27dc92f1162307ccd21daf6a9c15e642jpeg', '', '18935397890', '10:30/21:00', NULL, 157864390, 0),
(26, 'ed1e8cb23a1011337b72e9f868d576d6jpeg', '京之宴北京烤鸭（建设路店）', 4.5, 15, 4, '临汾市尧都区建设路46号楼238号', '', 4.5, 4.5, 'ed1e8cb23a1011337b72e9f868d576d6jpeg', '', '15303571168', '08:30/23:00', NULL, 157675938, 0),
(27, '8cc307fc0f93f3c96fbb89b15b490a19jpeg', '小食光（披萨、寿司）', 4.6, 15, 4, '临汾市尧都区贡院街11号楼3号门店', '我们相信好的食材才能做出好的产品，品质是餐厅立足的根本。（小食光）开放式厨房，做良心餐、品质餐，欢迎亲莅临监督，竭诚为您的健康服务。', 4.6, 4.6, '8cc307fc0f93f3c96fbb89b15b490a19jpeg', '', '15103470151', '09:30/22:30', NULL, 155922135, 0),
(28, '872a17dadbcf427fff3d35bb523db470png', '上海米线·上海馄饨（生龙店）', 4.6, 15, 4, '临汾市尧都区生龙国际时尚广场8层020号', '本店推荐您在饿了么网上订餐，优先配送饿了么、淘宝、支付宝、苏宁网上订餐', 4.6, 4.6, '872a17dadbcf427fff3d35bb523db470png', '本店推荐您在饿了么网上订餐，优先配送饿了么、淘宝、支付宝、苏宁网上订餐', '13152976766', '09:35/21:35', NULL, 150032417, 0),
(29, '34e18ee531652517eee31eb92555ccc1jpeg', '汉堡之家', 5, 15, 4, '临汾市尧都区水车巷', '本店推荐您在饿了么网上订餐，优先配送饿了么、淘宝、支付宝、苏宁网上订餐', 5, 5, '34e18ee531652517eee31eb92555ccc1jpeg', '本店推荐您在饿了么网上订餐，优先配送饿了么、淘宝、支付宝、苏宁网上订餐', '14703475992', '00:00/02:00', NULL, 156450330, 0),
(30, 'b40c7e6975244c7b3c376bb1eeaefe30jpeg', '砂锅陈（工贸店）', 4.8, 15, 4, '临汾市尧都区解放西路28号工贸6楼餐饮区6001号', '经典工艺，传统做法，欢迎您的光临！本店砂锅均为单人份，饭量大的慎买，谢谢', 4.8, 4.8, 'b40c7e6975244c7b3c376bb1eeaefe30jpeg', '专业做砂锅好多年', '13734071197', '10:00/21:00', NULL, 1429886, 0),
(31, 'ce8b322aa2a41764f25fd3d259c11f2ajpeg', '速味居黄焖鸡米饭（扁担巷店）', 3.9, 15, 4, '临汾市尧都区扁担巷路西15-2号', '', 3.9, 3.9, 'ce8b322aa2a41764f25fd3d259c11f2ajpeg', '', '13294687774', '09:30/22:00', NULL, 1204070, 0),
(32, '8d8ca7bdcfd63c39f8a6c89add5f9636jpeg', '斯味可@麻辣外公', 4, 0, 4, '临汾市尧都区科委巷解放二校住宅小区门面101号', '搭配餐内不含主食 需要的请额外单点，菜品一份为50克\n特色美食 舍不得，放不下的好滋味。\n温暖你的是服务，感动你的是美食。\n饮食和为美，人生和则贵。\n风味特色，美食美刻。\n优惠多多 免费waif～免费停车位～有吸烟区～厅内有供暖\n是一个饮食、环境干净、卫生、休闲', 4, 4, '8d8ca7bdcfd63c39f8a6c89add5f9636jpeg', '特色美食 套餐 ～不含主食\n外公麻辣大虾焖锅～\n外公香辣鸡翅焖锅～\n外公香辣鸡腿焖锅～\n外公鸡翅蔬菜煲～\n外公鸡腿蔬菜煲～\n外公串串烧～\n外公麻辣香锅～各种冷热饮～\n欢迎大家来品尝～～\n好礼优惠不停', '13603579258 0357-210', '09:30/22:00', NULL, 2360650, 0),
(33, '50bf3ed25a496c8abf9eaff50bedb025jpeg', '味博士烤肉拌饭黄焖鸡米饭', 3.9, 20, 5, '临汾市尧都区印染巷27号西数第三间', '本店承接  团体餐 会议餐  提前预订电话 15934525770量大从优', 3.9, 3.9, '50bf3ed25a496c8abf9eaff50bedb025jpeg', '', '15934525770', '10:00/14:00', NULL, 2299443, 0),
(34, 'ee0385a42a4f0796e53f9ebb7b94d9b4jpeg', '老大米汤馍馍炒菜面食', 4.7, 15, 4, '临汾市尧都区建设路58号楼318号', '', 4.7, 4.7, 'ee0385a42a4f0796e53f9ebb7b94d9b4jpeg', '', '13453690176', '10:00/22:00', NULL, 141558406, 0),
(35, 'b33e5d3deebc88fdd34429e3365b3735jpeg', '重庆特色小吃八中店', 4.2, 15, 4, '山西省临汾市尧都区向阳路向阳西路235号', '本店推荐您在饿了么网上订餐，优先配送饿了么、淘宝、支付宝、苏宁网上订餐 1、为保证餐品及时到您手中，请保持电话畅通方便送餐员及时联系。 2、首次订餐用户，饿了么客服会对您的订单进行电话确认（来电区号为021） 3、外卖制作+配送都需要耗费时间，希望大家提前预订，避开用餐高峰；有特殊需求，请在订单备注填 4、如遇到菜品问题／配送问题可及时电话咨询商家！我们会以最快的速度进行解决！', 4.2, 4.2, 'b33e5d3deebc88fdd34429e3365b3735jpeg', '本店优先配送饿了么网上订餐', '13028033557', '09:30/21:00', NULL, 1064371, 0),
(36, '8b2871d8aea85f592f0d8210540882a8png', '呼叫寿司', 4.7, 15, 4, '尧都区财神楼北街何二西胡同', '本店推荐您在饿了么网上订餐，优先配送饿了么、淘宝、支付宝、苏宁网上订餐', 4.7, 4.7, '8b2871d8aea85f592f0d8210540882a8png', '本店推荐您在饿了么网上订餐，优先配送饿了么订单！1、为保证餐品及时到您手中，请保持电话畅通方便送餐员及时联系。 2、首次订餐用户，饿了么客服会对您的订单进行电话确认（来电区号为021）3、外卖制作+配送都需要耗费时间，希望大家提前预订，避开用餐高峰；有特殊需求，请在订单备注填4、如遇到菜品问题／配送问题可及时电话咨询商家！我们会以最快的速度进行解决！', '7964444', '10:00/21:00', NULL, 1326687, 0),
(37, '09bc06bf5e290892c77464173498c651jpeg', '姚老太烧饼(建设路总店）', 4.3, 15, 4, '临汾开发区建设路坂下段路西', '更换临汾本土品牌❗️\n李妈妈的味道在即❗️\n让您的家人吃点好的很有必要❗️\n我们期待留下您宝贵的建议❗️\n接受团购0357-5165555\n', 4.3, 4.3, '09bc06bf5e290892c77464173498c651jpeg', '', '0357-5165555', '07:00/14:30', NULL, 156066372, 0),
(38, '7acd369c919d199253336c763d613b96jpeg', '伟伟手擀面', 4.3, 15, 4, '临汾市临汾开发区坂下村十字路口', '', 4.3, 4.3, '7acd369c919d199253336c763d613b96jpeg', '', '13603571916', '10:00/22:00', NULL, 156354798, 0),
(39, 'bc53f6a24473297d9f1595029ca2a6cbjpeg', '西安老张羊肉泡馍（五十年老店）', 5, 15, 4, '临汾市尧都区南洪家楼41号', '', 5, 5, 'bc53f6a24473297d9f1595029ca2a6cbjpeg', '西安老张羊肉泡馍先后在鼓楼东、广宣街、广场后门、水车等地经营。锣鼓节荣获名优小吃。现在南洪家楼已经营10几年，欢迎品尝。', '13834075610 13718148', '06:10/23:00', NULL, 155883993, 0),
(40, '621745add31262249815b442681b1008jpeg', '京畿道韩国料理', 5, 0, 4, '临汾市尧都区平阳中街5号', '', 5, 5, '621745add31262249815b442681b1008jpeg', '', '0357-6763868', '10:30/20:00', NULL, 142897340, 0),
(41, 'a063e73196ffa344f65a889bfd1dfe78jpeg', '七恭冒菜', 3.8, 15, 4, '临汾市尧都区建设路25号楼163号门店', '', 3.8, 3.8, 'a063e73196ffa344f65a889bfd1dfe78jpeg', '', '15582688761', '10:00/22:45', NULL, 155602400, 0),
(42, 'c49d41b0f05ba2fc2ed3e6ad5ed5f38ajpeg', '西安老张牛羊肉泡馍(迎春北街店)', 4.4, 15, 4, '临汾市尧都区迎春北街40号', '如有忌口请备注，用餐高峰期请提前下单。', 4.4, 4.4, 'c49d41b0f05ba2fc2ed3e6ad5ed5f38ajpeg', '', '13835781143', '08:00/22:00', NULL, 156058208, 0),
(43, '1396761237d928174bc97181c1eac441png', '天津灌汤小笼包（体育街十年老店）', 4.7, 15, 4, '临汾市尧都区体育南街38号', '', 4.7, 4.7, '1396761237d928174bc97181c1eac441png', '', '15333576532', '07:00/21:00', NULL, 157191051, 0),
(44, 'ce8b322aa2a41764f25fd3d259c11f2ajpeg', '速味居黄焖鸡米饭（扁担巷店）', 3.9, 15, 4, '临汾市尧都区扁担巷路西15-2号', '', 3.9, 3.9, 'ce8b322aa2a41764f25fd3d259c11f2ajpeg', '', '13294687774', '09:30/22:00', NULL, 1204070, 0),
(45, '4cd406e0f2ded2ece1419d365284dd20jpeg', '久久鸭脖王（平阳北街店）', 3.8, 15, 4, '临汾市尧都区平阳北街尧都区林业局北侧', '本店已加盟饿了么网上订餐本店推荐您在饿了么网上订餐，优先配送饿了么、淘宝、支付宝、苏宁网上订餐\n1、为保证餐品及时到您手中，请保持电话畅通方便送餐员及时联系。 \n2、首次订餐用户，饿了么客服会对您的订单进行电话确认（来电区号为021）\n3、外卖制作+配送都需要耗费时间，希望大家提前预订，避开用餐高峰；有特殊需求，请在订单备注填\n4、如遇到菜品问题／配送问题可及时电话咨询商家！我们会以最快的速度进行解决！', 3.8, 3.8, '4cd406e0f2ded2ece1419d365284dd20jpeg', '本店推荐您在饿了么网上订餐，优先配送饿了么、淘宝、支付宝、苏宁网上订餐', '15935347337', '00:00/02:00', NULL, 1047172, 0),
(46, '6f1d9f721e577e689234fe2f9e472e9epng', '西安秦记腊汁肉夹馍', 5, 15, 4, '临汾市尧都区科委巷北城花苑', '', 5, 5, '6f1d9f721e577e689234fe2f9e472e9epng', '', '0357-5567888', '07:00/09:00', NULL, 157029814, 0),
(47, 'ad9cabc4bd40259e8f5e3a65cf68b626jpeg', '老四川饭店（十八年正宗老字号）', 4.7, 15, 4, '临汾市尧都区一市场', '本店推荐您在饿了么网上订餐，优先配送饿了么、淘宝、支付宝、苏宁网上订餐 1、为保证餐品及时到您手中，请保持电话畅通方便送餐员及时联系。 2、首次订餐用户，饿了么客服会对您的订单进行电话确认（来电区号为021） 3、外卖制作+配送都需要耗费时间，希望大家提前预订，避开用餐高峰；有特殊需求，请在订单备注填 4、如遇到菜品问题／配送问题可及时电话咨询商家！我们会以最快的速度进行解决！', 4.7, 4.7, 'ad9cabc4bd40259e8f5e3a65cf68b626jpeg', '本店推荐您在饿了么网上订餐，优先配送饿了么、淘宝、支付宝、苏宁网上订餐', '13233089868', '09:30/22:00', NULL, 488574, 0),
(48, '9795763c5580deaa6bd515268c0b7093png', '兄弟麻辣拌(平阳广场店)', 4.6, 10, 4, '临汾市尧都区平阳中街33号', '', 4.6, 4.6, '9795763c5580deaa6bd515268c0b7093png', '', '13393471458', '09:30/22:30', NULL, 155829270, 0),
(50, 'bc6e80bbffd1e67718fcf93c8df65ecbjpeg', '毛毛粥棚', 4.8, 15, 4, '临汾市尧都区平阳广场新华书店负一层', '', 4.8, 4.8, 'bc6e80bbffd1e67718fcf93c8df65ecbjpeg', '', '15340897119', '10:30/13:50', NULL, 150108725, 0),
(51, 'ea406ba2395f4047ff4c746a9dcfb580jpeg', '薛家牛肉丸子面', 4.4, 15, 4, '临汾市临汾开发区河汾路', '', 4.4, 4.4, 'ea406ba2395f4047ff4c746a9dcfb580jpeg', '', '18534139778', '09:00/21:30', NULL, 156221206, 0),
(52, '0b62b321fdac8abc6e08e777e764b43djpeg', '天津风味小笼包（科委巷店）', 4.5, 15, 4, '临汾市尧都区财神楼北街168号', '', 4.5, 4.5, '0b62b321fdac8abc6e08e777e764b43djpeg', '', '13111272763 15051879', '07:00/19:55', NULL, 142849478, 0),
(53, 'ea406ba2395f4047ff4c746a9dcfb580jpeg', '薛老五牛肉丸子面', 4.2, 15, 4, '临汾市临汾开发区建设路31号197号楼', '本店推荐您在饿了么网上订餐，优先配送饿了么、淘宝、支付宝、苏宁网上订餐 1、为保证餐品及时到您手中，请保持电话畅通方便送餐员及时联系。 2、首次订餐用户，饿了么客服会对您的订单进行电话确认（来电区号为021） 3、外卖制作+配送都需要耗费时间，希望大家提前预订，避开用餐高峰；有特殊需求，请在订单备注填 4、如遇到菜品问题／配送问题可及时电话咨询商家！我们会以最快的速度进行解决！', 4.2, 4.2, 'ea406ba2395f4047ff4c746a9dcfb580jpeg', '本店推荐您在饿了么网上订餐，优先配送饿了么、淘宝、支付宝、苏宁网上订餐 1、为保证餐品及时到您手中，请保持电话畅通方便送餐员及时联系。 2、首次订餐用户，饿了么客服会对您的订单进行电话确认（来电区号为021） 3、外卖制作+配送都需要耗费时间，希望大家提前预订，避开用餐高峰；有特殊需求，请在订单备注填 4、如遇到菜品问题／配送问题可及时电话咨询商家！我们会以最快的速度进行解决！', '13934175607', '10:00/21:40', NULL, 156221206, 0),
(54, '02deb4f7ba26659fe7bcfbdda3c0b3ddpng', '阿利茄汁面', 5, 15, 4, '临汾市尧都区鼓楼小区G区7号楼8号门店', '', 5, 5, '02deb4f7ba26659fe7bcfbdda3c0b3ddpng', '', '15635731220', '10:30/22:00', NULL, 158728204, 0),
(55, '1afc2098e5f563b6848f284f307b40e6jpeg', '美百嘉粥饼屋', 4.4, 15, 4, '临汾市尧都区安宇花苑E区5单元西户一层', '', 4.4, 4.4, '1afc2098e5f563b6848f284f307b40e6jpeg', '', '0357-5785000', '10:00/14:30', NULL, 152362972, 0),
(56, '65b02b5a779191ebe858529c1358b678jpeg', '重庆鸡公煲（向阳路店）', 3.5, 15, 4, '临汾市尧都区向阳西路', '本店推荐您在饿了么网上订餐，优先配送饿了么、淘宝、支付宝、苏宁网上订餐\n1、为保证餐品及时到您手中，请保持电话畅通方便送餐员及时联系。 \n2、首次订餐用户，饿了么客服会对您的订单进行电话确认（来电区号为021）\n3、外卖制作+配送都需要耗费时间，希望大家提前预订，避开用餐高峰；有特殊需求，请在订单备注填\n4、如遇到菜品问题／配送问题可及时电话咨询商家！我们会以最快的速度进行解决！\n5、优惠活动／特殊需求说明等（商家自行发挥）', 3.5, 3.5, '65b02b5a779191ebe858529c1358b678jpeg', '本店支持饿了么网上订餐！', '13610688338', '10:00/21:30', NULL, 1039278, 0),
(57, '0308761fe63a94dada4c3710dcecfa84jpeg', '小贝牛肉丸子面（建设路店）', 4.6, 15, 4, '临汾开发区建设路39号楼235号临街门店', '本店推荐您在饿了么网上订餐，优先配送饿了么、淘宝、支付宝、苏宁网上订餐 1、为保证餐品及时到您手中，请保持电话畅通方便送餐员及时联系。 2、首次订餐用户，饿了么客服会对您的订单进行电话确认（来电区号为021） 3、外卖制作+配送都需要耗费时间，希望大家提前预订，避开用餐高峰；有特殊需求，请在订单备注填 4、如遇到菜品问题／配送问题可及时电话咨询商家！我们会以最快的速度进行解决！', 4.6, 4.6, '0308761fe63a94dada4c3710dcecfa84jpeg', '本店优先配送饿了么网上订餐', '18135238111 18535790', '08:40/01:15', NULL, 1129418, 0),
(58, 'd14722c104a4ff34febcf4ec5201f759jpeg', '馋嘴猫烤肉拌饭铁锅焖面（北城店）', 4.6, 15, 4, '临汾开发区北孝社区居委会中心街北区6巷1号', '主随客变，如您所愿！\n\n近期我们馋嘴猫将全面升级，定会给各位新老顾客带来不一样的惊喜！敬请期待哦！\n\n馋嘴猫烤肉拌饭、铁锅焖面（北城店）欢迎您的光临！\n\n地址：临汾市开发区北孝中心街北孝居委会卫生所对面\n\n喜欢就请收藏我哟！', 4.6, 4.6, 'd14722c104a4ff34febcf4ec5201f759jpeg', '', '15388572733', '10:30/23:55', NULL, 152339447, 0),
(59, '39296ef107b4517eb07a4185c4f0742cpng', '韩国窝窝思炸鸡', 5, 15, 4, '临汾市尧都区生龙国际时尚广场负一层210', '【VonsChicken】起源于韩国首尔，是一家在全球有着近30年历史，329家分店的韩式料理店。如您在用餐过程中有任何的问题或建议欢迎您与我们及时联系！如有任何忌口请一定备注，我们将为您热情服务。祝您用餐愉快！(⁎⁍̴̛ᴗ⁍̴̛⁎)', 5, 5, '39296ef107b4517eb07a4185c4f0742cpng', '临汾最火的金牌炸鸡—【Vons Chicken】窝窝思生龙国际店。这里有最地道的韩式部队火锅、金牌炸鸡、特色蔬菜包鸡，让您不出门就可以享受最地道的韩餐文化(⁎⁍̴̛ᴗ⁍̴̛⁎)', '13015322819', '09:40/14:30', NULL, 141558722, 0),
(60, '2978582e04aa967a71404ac1b84efc8bjpeg', '串串大叔', 4.3, 15, 4, '临汾市尧都区迎春中街', '', 4.3, 4.3, '2978582e04aa967a71404ac1b84efc8bjpeg', '', '13753588115', '11:00/23:00', NULL, 142884157, 0),
(61, '3bf773d4e0b96d657196d967252e032ejpeg', '春卷粥家常菜（向阳西路郭家庄店）', 4.3, 15, 4, '临汾开发区向阳西路郭家庄社区居委会排房街17号', '', 4.3, 4.3, '3bf773d4e0b96d657196d967252e032ejpeg', '', '13327578115 13663678', '10:00/15:00', NULL, 157463596, 0),
(62, 'bc6e80bbffd1e67718fcf93c8df65ecbjpeg', '温馨粥棚', 4.8, 15, 4, '临汾市尧都区鼓楼西安宇花苑B区门面东1号', '本店推荐您在饿了么网上订餐，优先配送饿了么、淘宝、支付宝、苏宁网上订餐\n1、为保证餐品及时到您手中，请保持电话畅通方便送餐员及时联系。 \n2、首次订餐用户，饿了么客服会对您的订单进行电话确认（来电区号为021）\n3、外卖制作+配送都需要耗费时间，希望大家提前预订，避开用餐高峰；有特殊需求，请在订单备注填\n4、如遇到菜品问题／配送问题可及时电话咨询商家！我们会以最快的速度进行解决！', 4.8, 4.8, 'bc6e80bbffd1e67718fcf93c8df65ecbjpeg', '本店推荐您在饿了么网上订餐，优先配送饿了么、淘宝、支付宝、苏宁网上订餐\n1、为保证餐品及时到您手中，请保持电话畅通方便送餐员及时联系。 \n2、首次订餐用户，饿了么客服会对您的订单进行电话确认（来电区号为021）\n3、外卖制作+配送都需要耗费时间，希望大家提前预订，避开用餐高峰；有特殊需求，请在订单备注填\n4、如遇到菜品问题／配送问题可及时电话咨询商家！我们会以最快的速度进行解决！', '03572101051', '09:40/14:40', NULL, 150108725, 0),
(63, '0308761fe63a94dada4c3710dcecfa84jpeg', '小贝牛肉丸子面（建设路店）', 4.6, 15, 4, '临汾开发区建设路39号楼235号临街门店', '本店推荐您在饿了么网上订餐，优先配送饿了么、淘宝、支付宝、苏宁网上订餐 1、为保证餐品及时到您手中，请保持电话畅通方便送餐员及时联系。 2、首次订餐用户，饿了么客服会对您的订单进行电话确认（来电区号为021） 3、外卖制作+配送都需要耗费时间，希望大家提前预订，避开用餐高峰；有特殊需求，请在订单备注填 4、如遇到菜品问题／配送问题可及时电话咨询商家！我们会以最快的速度进行解决！', 4.6, 4.6, '0308761fe63a94dada4c3710dcecfa84jpeg', '本店优先配送饿了么网上订餐', '18135238111 18535790', '08:40/01:15', NULL, 1129418, 0),
(64, 'ddf83c75c47325055ca4939675cd1376jpeg', '和顺记牛肉面', 5, 15, 4, '临汾开发区向阳西路后楼底社区居委会路口', '', 5, 5, 'ddf83c75c47325055ca4939675cd1376jpeg', '', '18638855239', '10:00/23:30', NULL, 157727420, 0),
(65, '5a953c41176703855fa33a9bd53d2bc3jpeg', '满口香饺子', 4.7, 15, 4, '临汾经济开发区小麦研究所门面房303号', '本店主打家常菜', 4.7, 4.7, '5a953c41176703855fa33a9bd53d2bc3jpeg', '', '13753562063 15034351', '07:00/22:50', NULL, 141557838, 0),
(66, 'ea406ba2395f4047ff4c746a9dcfb580jpeg', '白老三牛肉丸子面（科委店）', 5, 15, 4, '临汾市尧都区科委巷25号楼负一层', '', 5, 5, 'ea406ba2395f4047ff4c746a9dcfb580jpeg', '', '13633432220', '10:00/23:00', NULL, 156221206, 0),
(67, 'd471af7ba7bd23d01b438791b347e5f9jpeg', '西安小吃', 4.7, 15, 4, '临汾开发区郭家庄社区居委会排房街109号', '', 4.7, 4.7, 'd471af7ba7bd23d01b438791b347e5f9jpeg', '', '13835366870', '07:30/20:30', NULL, 151130255, 0),
(68, '62535d6be97a57b3096e2b943f31576ajpeg', '逸香牛肉饺子（五一西路店）', 4.6, 15, 4, '临汾市尧都区五一西路C区1号楼27号', '本店推荐您在饿了么网上订餐，优先配送饿了么、淘宝、支付宝、苏宁网上订餐', 4.6, 4.6, '62535d6be97a57b3096e2b943f31576ajpeg', '本店推荐您在饿了么网上订餐，优先配送饿了么、淘宝、支付宝、苏宁网上订餐', '13303575068', '10:00/14:20', NULL, 150043329, 0),
(69, '3f7fd35eee5d8be98e45a2d804f0fa66jpeg', '老杨家腊汁肉夹馍', 5, 15, 4, '临汾市尧都区建设路12号楼116号', '本店推荐您在饿了么网上订餐，优先配送饿了么、淘宝、支付宝、苏宁网上订餐', 5, 5, '3f7fd35eee5d8be98e45a2d804f0fa66jpeg', '建设路中段实德网吧旁腊汁肉夹馍 十年老店', '18636330425 18636330', '09:00/21:30', NULL, 142866499, 0),
(70, '00286825021078f59716a147dff90c87jpeg', '福建千里香馄饨王（体育中街店）', 5, 15, 4, '临汾市尧都区体育街8号', '本店推荐您在饿了么网上订餐，优先配送饿了么、淘宝、支付宝、苏宁网上订餐 1、为保证餐品及时到您手中，请保持电话畅通方便送餐员及时联系。 2、首次订餐用户，饿了么客服会对您的订单进行电话确认（来电区号为021） 3、外卖制作+配送都需要耗费时间，希望大家提前预订，避开用餐高峰；有特殊需求，请在订单备注填 4、如遇到菜品问题／配送问题可及时电话咨询商家！我们会以最快的速度进行解决！', 5, 5, '00286825021078f59716a147dff90c87jpeg', '本店已加盟饿了么网上订餐', '15698543007', '10:00/21:00', NULL, 1192928, 0),
(71, '4454b656610cca6c1d9154aea95d2412jpeg', '锋味麻辣香锅', 4.6, 15, 4, '尧都区印染巷南三巷一排一号', '饿了就点热的饿了么，我们将以最优质的服务提供给大家，欢迎您的品尝与监督，饿了么市场部投诉电话：0357-3928515', 4.6, 4.6, '4454b656610cca6c1d9154aea95d2412jpeg', '饿了就点热的饿了么，我们将以最优质的服务提供给大家，欢迎您的品尝与监督，饿了么市场部投诉电话：0357-3928515', '15935798815', '09:00/21:00', NULL, 2105115, 0),
(72, 'b3537b1a48df95a8ddb3307d4c782901jpeg', '广宣街襄汾铁板烧(郭家庄店)', 4.9, 15, 4, '临汾开发区郭家庄社区居委会排房街12号', '', 4.9, 4.9, 'b3537b1a48df95a8ddb3307d4c782901jpeg', '', '15934585949 13653576', '11:00/02:00', NULL, 156279002, 0),
(73, 'd146c72317d327a39c83401ba4113aa9png', '三剑客烤猪蹄', 5, 15, 4, '临汾市尧都区贡院街15号', '', 5, 5, 'd146c72317d327a39c83401ba4113aa9png', '', '13111112424', '10:40/22:30', NULL, 156272873, 0),
(74, 'e91f91557cb218b8965f97090d47787fjpeg', '亢师傅铁板烧', 5, 15, 4, '临汾市尧都区兵站路2-2号', '', 5, 5, 'e91f91557cb218b8965f97090d47787fjpeg', '', '13603574507', '11:00/02:00', NULL, 155704773, 0),
(75, 'fddea9affa6459b2d015b4779e7dc638png', '韩香屋辣炒年糕', 4.2, 15, 4, '临汾市尧都区工贸后门何二胡同', '本店推荐您在饿了么网上订餐，优先配送饿了么订单！1、为保证餐品及时到您手中，请保持电话畅通方便送餐员及时联系。 2、首次订餐用户，饿了么客服会对您的订单进行电话确认（来电区号为021）3、外卖制作+配送都需要耗费时间，希望大家提前预订，避开用餐高峰；有特殊需求，请在订单备注填4、如遇到菜品问题／配送问题可及时电话咨询商家！我们会以最快的速度进行解决！', 4.2, 4.2, 'fddea9affa6459b2d015b4779e7dc638png', '本店推荐您在饿了么网上订餐，优先配送饿了么、淘宝、支付宝、苏宁网上订餐', '13453788427 13453795', '10:00/20:30', NULL, 705867, 0),
(76, '69c407fbd2962639ef2212c84579aa8djpeg', '华莱士（地委店）', 5, 20, 4, '临汾市尧都区解放西路4号楼1号门店', '', 5, 5, '69c407fbd2962639ef2212c84579aa8djpeg', '', '15713579981', '10:00/20:00', NULL, 156987963, 0),
(77, '92deba6d911b98e61d588191bb49084cjpeg', '正宗永济牛肉饺子（体育北街店）', 5, 15, 4, '临汾市尧都区体育北街38号', '', 5, 5, '92deba6d911b98e61d588191bb49084cjpeg', '', '13015420778', '09:00/21:00', NULL, 158724887, 0),
(78, '4238de8a8bced0a7a8f0ade46f148319png', '赵记腊汁肉夹馍（安宇店）', 3.7, 15, 4, '临汾市尧都区解放西路安宇花苑E区5号楼', '', 3.7, 3.7, '4238de8a8bced0a7a8f0ade46f148319png', '', '03578082000', '09:30/21:00', NULL, 2054427, 0),
(79, 'd471af7ba7bd23d01b438791b347e5f9jpeg', '阿建美食外卖', 3.6, 15, 4, '临汾开发区党家楼社区居委会科技楼中院', '', 3.6, 3.6, 'd471af7ba7bd23d01b438791b347e5f9jpeg', '', '18035111719 18734449', '10:00/22:00', NULL, 151130255, 0),
(80, '850ebe3debb878d94e025a877e382b06png', '新轻食暖沙拉', 3.6, 15, 4, '临汾市尧都区鼓楼南复兴南一巷一号', '为轻食而来-奔健康而去-新轻食暖沙拉', 3.6, 3.6, '850ebe3debb878d94e025a877e382b06png', '', '17635242623', '10:00/23:55', NULL, 1472517, 0),
(81, '61ee2538aa47272216782a91580e588djpeg', '麻辣香锅印度飞饼', 5, 15, 4, '临汾市尧都区工贸后门何二胡同', '套餐是必点项喔。本店是临汾市，首家麻辣香锅8年老店，拿味道说话。', 5, 5, '61ee2538aa47272216782a91580e588djpeg', '本店是临汾市，首家麻辣香锅8年老店，拿味道说话', '13835761761', '11:00/14:30', NULL, 155704808, 0),
(82, 'da5457a2a52ee36d3b6728e006a8f140jpeg', '漫咖啡（安达圣新天地）', 5, 15, 4, '临汾市尧都区向阳路29号', '欢迎大家体验小漫外卖，更欢迎大家来店品尝！', 5, 5, 'da5457a2a52ee36d3b6728e006a8f140jpeg', '漫咖啡是专为中国消费者量身打造的高级咖啡品牌，她融自然、古典、浪漫、摩登的风格于一体，以其独特的店内氛围迅速在消费者中赢得口碑，是商务洽谈、好友相聚、家庭聚会等，介于家和办公场所之外满足多元化需求的“第三空间”。', '0357-5738889', '09:00/21:00', NULL, 2305051, 0),
(84, '7e5d6805fa9646633bcffc5aabaf94a2jpeg', '骑士汉堡店', 4.8, 20, 0, '临汾市尧都区贡院西街观音堂6号', '', 4.8, 4.8, '7e5d6805fa9646633bcffc5aabaf94a2jpeg', '', '18335775384 15034310', '09:00/23:00', NULL, 157492547, 0),
(85, 'd56a0fe124d5cea0fd94e5e4bfcc09d9jpeg', '重庆饭店（坂下路口总店）', 4.7, 15, 4, '临汾市临汾开发区坂下十字路口西北角', '', 4.7, 4.7, 'd56a0fe124d5cea0fd94e5e4bfcc09d9jpeg', '', '13653573651', '08:00/23:00', NULL, 156336478, 0),
(86, '5d9bff16a7d1c7e0a33c6ea299314865jpeg', '腊汁肉夹馍扁担巷店', 5, 15, 4, '临汾市尧都区扁担巷107号', '', 5, 5, '5d9bff16a7d1c7e0a33c6ea299314865jpeg', '', '15135364885', '10:00/21:00', NULL, 1218710, 0),
(87, '4cb5717fea401c0695ae928d426ca636png', '吉米屋便当', 4.4, 15, 4, '临汾市尧都区贡院西街4号楼2号门店', '', 4.4, 4.4, '4cb5717fea401c0695ae928d426ca636png', '', '15534748810', '10:20/21:30', NULL, 158970127, 0),
(88, 'e46faa1d345733b9de2f0c841f9dabc2jpeg', '新疆沙湾大盘鸡酒楼', 5, 15, 4, '临汾市尧都区青狮南街路东7-8号楼之间裙楼24号门店', '沙湾大盘鸡继承了新疆人民大碗喝酒，大碗吃肉的传统，而且把它发挥到了极致。“儿娃子”椒麻鸡更是唇齿留香，入体心脾、', 5, 5, 'e46faa1d345733b9de2f0c841f9dabc2jpeg', '', '0357-2113300 1863578', '11:30/14:00', NULL, 153473973, 0),
(89, '9300df0da153bb7b04b84910e0e993b3jpeg', '宾利云南过桥米线&鸡公煲', 4.5, 15, 4, '临汾市尧都区迎春中街10号第8间', '', 4.5, 4.5, '9300df0da153bb7b04b84910e0e993b3jpeg', '', '13753771202', '10:00/23:30', NULL, 152596364, 0),
(90, '7a27073d32f55286973e570d35d7b761jpeg', '爱尚虾友记', 4.4, 15, 4, '临汾开发区坂下社区居委会坂下小区1号楼40号门店', '本店推出海鲜大咖可已预定', 4.4, 4.4, '7a27073d32f55286973e570d35d7b761jpeg', '临汾最美味小龙虾', '0357-3112221', '09:30/22:30', NULL, 156334843, 0),
(91, '01a40cb4d227547ace3c515adc620ed4png', '瑞氏大盘鸡麻辣烫（北外环店）', 5, 15, 4, '临汾开发区建设北路邮电局住宅小区1211号', '', 5, 5, '01a40cb4d227547ace3c515adc620ed4png', '', '15340925058', '09:30/22:00', NULL, 143249221, 0),
(92, '72a0de54a335a1189b1c35fd0434aa55jpeg', '仁燕比萨五一路店', 4.6, 15, 3, '临汾市尧都区五一西路36号', '', 4.6, 4.6, '72a0de54a335a1189b1c35fd0434aa55jpeg', '', '13233574155', '10:00/21:00', NULL, 2342933, 0),
(93, '70fdc0d6b2380e1902263efdf43cfbd2jpeg', '行家面馆', 0, 15, 4, '临汾市尧都区水塔一巷', '', 0, 0, '70fdc0d6b2380e1902263efdf43cfbd2jpeg', '', '13133172266', '10:00/15:00', NULL, 153831465, 0),
(94, 'e223945940607410cf10f6f726d64622jpeg', '馋嘴猫烤肉拌饭', 4, 15, 4, '临汾市尧都区解放西路朝殿一巷', '', 4, 4, 'e223945940607410cf10f6f726d64622jpeg', '', '18634577700', '10:00/19:00', NULL, 141558748, 0),
(95, '20a000c9f7416e71f7736c79ca684581jpeg', '浮山旭峰肥肠面', 5, 0, 4, '临汾市尧都区东关花园西区10号楼22号', '', 5, 5, '20a000c9f7416e71f7736c79ca684581jpeg', '', '13096622732', '17:00/02:00', NULL, 157251170, 0),
(96, '850ebe3debb878d94e025a877e382b06png', '新轻食暖沙拉', 3.6, 15, 4, '临汾市尧都区鼓楼南复兴南一巷一号', '为轻食而来-奔健康而去-新轻食暖沙拉', 3.6, 3.6, '850ebe3debb878d94e025a877e382b06png', '', '17635242623', '10:00/23:55', NULL, 1472517, 0),
(97, '0b62b321fdac8abc6e08e777e764b43djpeg', '包香园', 3.5, 15, 4, '临汾市尧都区泽尧商贸城321号', '', 3.5, 3.5, '0b62b321fdac8abc6e08e777e764b43djpeg', '', '15135356764', '09:30/21:30', NULL, 142849478, 0),
(98, '4caabf05de77fbe3f091082549f3edb4png', '五谷渔粉(青狮北街店)', 5, 12, 4, '临汾市尧都区郝家圈门5号', '原创品牌五谷漁粉欢迎您的光临！葱花香菜有忌口的顾客请备注！在家吃，带生粉的顾客请备注！温馨提示：汤多，不要一次将粉倒入，以防溢出！', 5, 5, '4caabf05de77fbe3f091082549f3edb4png', '原创品牌五谷漁粉欢迎您的光临！', '18735766686', '10:00/21:30', NULL, 156936646, 0),
(99, '77815fb0095684b03342e56b7f0b8e6cpng', '东北仁家', 4.7, 15, 4, '临汾市临汾开发区向阳西路向阳新城3-301', '', 4.7, 4.7, '77815fb0095684b03342e56b7f0b8e6cpng', '', '03572990818', '11:00/14:30', NULL, 2351075, 0),
(100, '8c070e665510b97a7b61007e8c5ed8aejpeg', '铁锅焖面(体育北街店)', 4.6, 15, 4, '临汾市尧都区体育北街38号门面南二房', '本店已加盟饿了么网上订餐平台', 4.6, 4.6, '8c070e665510b97a7b61007e8c5ed8aejpeg', '本店优先配送饿了么网上订单', '15934533835', '09:40/21:30', NULL, 484522, 0),
(101, '8c070e665510b97a7b61007e8c5ed8aejpeg', '铁锅焖面(体育北街店)', 4.6, 15, 4, '临汾市尧都区体育北街38号门面南二房', '本店已加盟饿了么网上订餐平台', 4.6, 4.6, '8c070e665510b97a7b61007e8c5ed8aejpeg', '本店优先配送饿了么网上订单', '15934533835', '09:40/21:30', NULL, 484522, 0),
(102, '8f183282a4c80d33998bc22b174cad62png', '老白家牛肉丸子面（白慧敏中大街店）', 4.8, 15, 4, '临汾市尧都区中大街西关北园', '', 4.8, 4.8, '8f183282a4c80d33998bc22b174cad62png', '', '0357-2101186', '10:00/22:00', NULL, 145336626, 0),
(103, '468d4fd466de16059003f72049eee682jpeg', '养亿人营养麻辣烫', 4.2, 15, 4, '临汾市尧地区生龙国际时尚广场', '', 4.2, 4.2, '468d4fd466de16059003f72049eee682jpeg', '', '0357-3073777', '11:00/20:45', NULL, 1425369, 0),
(104, 'bbc7d65d6ad68fa0ea14ea37da07f28epng', '张飞过桥米线', 5, 15, 4, '临汾市尧都区鼓楼北大街89号', '张飞，字益德。三国猛将，重情重义嫉恶如仇。', 5, 5, 'bbc7d65d6ad68fa0ea14ea37da07f28epng', '叫外卖，上饿了么', '15296679939', '10:00/22:30', NULL, 2194022, 0),
(105, '6bb0c8e1e6d92778671b0befef05be25jpeg', '帅小胖烤肉店', 4, 15, 4, '临汾市尧都区解放西路33号', '', 4, 4, '6bb0c8e1e6d92778671b0befef05be25jpeg', '', '15582669977 18535774', '11:00/22:00', NULL, 155601922, 0),
(106, '95bc64e995ad72db7e5f13313b4e55c4png', '24味龙虾饭二部', 3.8, 15, 4, '临汾市尧都区环城西一巷28号', '', 3.8, 3.8, '95bc64e995ad72db7e5f13313b4e55c4png', '', '18635721706', '10:00/21:30', NULL, 157034601, 0),
(108, '34e18ee531652517eee31eb92555ccc1jpeg', '萌堡堡汉堡饮品炸鸡', 0, 15, 4, '临汾开发区南孝社区居委会中心街3号', '本店新开业！食品干净卫生！欢迎大家来品尝！', 0, 0, '34e18ee531652517eee31eb92555ccc1jpeg', '汉堡饮品炸鸡', '15935332747', '10:00/22:00', NULL, 156450330, 0),
(109, 'f59611c343f67bbbef0796cc4d3f5545png', '蓝宝石川菜馆', 5, 15, 4, '临汾市尧都区解放东路', '', 5, 5, 'f59611c343f67bbbef0796cc4d3f5545png', '', '13834879536', '10:00/14:00', NULL, 141560807, 0),
(110, '7d7a170139358919a616a8dfc00dbf51jpeg', '秦风和食寿司店', 5, 15, 4, '临汾市尧都区平阳广场花果街饭店西二层', '本店已加盟饿了么网上订餐平台', 5, 5, '7d7a170139358919a616a8dfc00dbf51jpeg', '本店优先配送饿了么网上订单', '15034344498', '10:30/20:55', NULL, 469752, 0),
(111, '8908f1d8b56504528da898cd602ec6c6jpeg', '四女过桥米线、火锅煲', 0, 15, 4, '临汾市尧都区贡院街15号楼131号门店', '', 0, 0, '8908f1d8b56504528da898cd602ec6c6jpeg', '', '15234715782', '10:00/22:00', NULL, 157216499, 0),
(112, '198860e2e655885fcfa5491df071b657jpeg', '瑞氏大盘鸡（安达胜店）', 4.9, 15, 4, '临汾市尧都区科委巷安达圣停车场', '本店推荐您在饿了么网上订餐，优先配送饿了么、淘宝、支付宝、苏宁网上订餐\n\n1、为保证餐品及时到您手中，请保持电话畅通方便送餐员及时联系。\n\n2、首次订餐用户，饿了么客服会对您的订单进行电话确认（来电区号为021）\n\n3、外卖制作+配送都需要耗费时间，希望大家提前预订，避开用餐高峰；有特殊需求，请在订单备注填\n\n4、如遇到菜品问题／配送问题可及时电话咨询商家！我们会以最快的速度进行解决！', 4.9, 4.9, '198860e2e655885fcfa5491df071b657jpeg', '本店推荐您在饿了么网上订餐，优先配送饿了么、淘宝、支付宝、苏宁网上订餐\n\n1、为保证餐品及时到您手中，请保持电话畅通方便送餐员及时联系。\n\n2、首次订餐用户，饿了么客服会对您的订单进行电话确认（来电区号为021）\n\n3、外卖制作+配送都需要耗费时间，希望大家提前预订，避开用餐高峰；有特殊需求，请在订单备注填\n\n4、如遇到菜品问题／配送问题可及时电话咨询商家！我们会以最快的速度进行解决！', '13303576626 13835369', '10:30/14:55', NULL, 1471538, 0),
(113, '0895ac678fedaa03efe15b6b961c669dpng', '九九鸭脖兵站路店', 4.4, 15, 4, '临汾市尧都区兵站路15号', '叫外卖，上饿了么', 4.4, 4.4, '0895ac678fedaa03efe15b6b961c669dpng', '叫外卖，上饿了么', '03573928515', '10:00/23:55', NULL, 155172281, 0),
(114, '4a020cc22b2b962712119e5458dc8c2bpng', '鸡鸭随你', 4.7, 15, 4, '临汾市尧都区财神楼北街168号', '烤鸭限购时间11：00--13：30，18：00--20:30', 4.7, 4.7, '4a020cc22b2b962712119e5458dc8c2bpng', '', '15935709110 18134985', '09:00/21:00', NULL, 157496030, 0),
(115, '575b34d4b201ad140a47001fc2f5e729png', '食尚客麻辣香锅', 0, 15, 4, '临汾开发区中骏国际坂下路23号', '', 0, 0, '575b34d4b201ad140a47001fc2f5e729png', '', '18035722277', '10:45/14:30', NULL, 157060888, 0),
(116, '39afa4a6b0ceeb9779762c989a47ce14png', '大齐牛肉丸子面（平阳街店）', 5, 15, 4, '临汾市尧都区平阳南街19号', '', 5, 5, '39afa4a6b0ceeb9779762c989a47ce14png', '', '13703559996', '00:00/02:00', NULL, 157219194, 0),
(117, 'a64e3551fc1ecd2b223a7da0ac608400png', '卷意卷春卷', 4.4, 15, 4, '临汾市尧都区生龙国际时尚广场负一层213号', '', 4.4, 4.4, 'a64e3551fc1ecd2b223a7da0ac608400png', '', '13293875259', '10:30/14:30', NULL, 2262230, 0),
(118, 'dc578ee65e95287b651beaefa00d0503jpeg', '中大街馍米汤家常菜', 4.4, 15, 4, '尧都区中大街', '', 4.4, 4.4, 'dc578ee65e95287b651beaefa00d0503jpeg', '', '18035705807 13610686', '10:45/14:00', NULL, 2343710, 0),
(119, '3336635712eccaffeb6157341df558cbjpeg', '明记烧烤营养早餐24h', 5, 15, 4, '临汾市尧都区迎春北街挂甲庄村口', '', 5, 5, '3336635712eccaffeb6157341df558cbjpeg', '', '0357-2115559', '00:00/02:00', NULL, 155856545, 0),
(120, 'da4b973c64c6a7fd1029a4feaeca6a17jpeg', '果园麻辣烫', 4.4, 15, 4, '临汾开发区向阳西路郭家庄社区居委会幸福街3号', '', 4.4, 4.4, 'da4b973c64c6a7fd1029a4feaeca6a17jpeg', '', '13734132113 18636735', '11:30/22:00', NULL, 157464312, 0),
(121, '41d66277e01dc140d8c5ef3e2b825732jpeg', '千里香馄饨王', 4.9, 15, 4, '临汾市尧都区解放东路', '本店推荐您在饿了么网上订餐，优先配送饿了么、淘宝、支付宝、苏宁网上订餐 1、为保证餐品及时到您手中，请保持电话畅通方便送餐员及时联系。 2、首次订餐用户，饿了么客服会对您的订单进行电话确认（来电区号为021） 3、外卖制作+配送都需要耗费时间，希望大家提前预订，避开用餐高峰；有特殊需求，请在订单备注填 4、如遇到菜品问题／配送问题可及时电话咨询商家！我们会以最快的速度进行解决！', 4.9, 4.9, '41d66277e01dc140d8c5ef3e2b825732jpeg', '本店推荐您在饿了么网上订餐，优先配送饿了么、淘宝、支付宝、苏宁网上订餐', '0357-2100881', '09:00/21:25', NULL, 1068702, 0),
(122, 'ffc72b74f42caac8686274cdf5c04334jpeg', '王家小铁锅焖面', 4.3, 15, 4, '临汾市尧都区扁担巷华都游泳馆门前', '', 4.3, 4.3, 'ffc72b74f42caac8686274cdf5c04334jpeg', '', '15035769431', '10:00/21:00', NULL, 2145289, 0),
(123, '0bd5e3dc308c52c76016b1cfbe14f6f7png', '四川炒鸡', 5, 15, 4, '临汾市尧都区信合西路北', '叫外卖，上饿了么', 5, 5, '0bd5e3dc308c52c76016b1cfbe14f6f7png', '叫外卖，上饿了么', '03573928515', '10:30/14:30', NULL, 155753550, 0),
(124, '5ecf946bf90c0193d6181752c74d9649png', '蒲县八宝汤', 4.6, 15, 4, '临汾市尧都区广场美食城', '', 4.6, 4.6, '5ecf946bf90c0193d6181752c74d9649png', '', '13835711479', '09:30/02:00', NULL, 141561452, 0),
(125, '0a6eb15154f4d10dc6f3eb535122104cpng', '谷先生煎饼果子（科委巷店）', 5, 15, 4, '临汾市尧都区财神楼北街168号', '亲爱的顾客，为了口感及外卖顾客体验，小店的每张煎饼都是现做的喔，所以会消耗一定的时间。煎饼做的比较干所以不是很热，如果您是完美主义者请现买现吃喔。如果有问题及时联系小掌柜，不要轻易给差评。', 5, 5, '0a6eb15154f4d10dc6f3eb535122104cpng', '', '13313474622 13313574', '07:00/22:30', NULL, 156160880, 0),
(126, '461b507490244073325b23e2b85d9500jpeg', '段师傅一品大盘鸡（南洪家楼店）', 4.6, 15, 4, '临汾市尧都区南洪家楼路东', '', 4.6, 4.6, '461b507490244073325b23e2b85d9500jpeg', '', '13994758004 03572020', '09:00/21:30', NULL, 2199752, 0),
(127, '2787657f8bb6e19ffc9a1b913f4c0a3fpng', '比格披萨餐厅', 4, 39, 5, '临汾市尧都区平阳南街2号平阳广场第一百货大楼二层', '本店已加盟饿了么网上外卖平台', 4, 4, '2787657f8bb6e19ffc9a1b913f4c0a3fpng', '本店优先配送饿了么网上订单', '03572080139', '11:00/20:30', NULL, 561732, 0),
(128, '6bb0c8e1e6d92778671b0befef05be25jpeg', '帅小胖烤肉店', 4, 15, 4, '临汾市尧都区解放西路33号', '', 4, 4, '6bb0c8e1e6d92778671b0befef05be25jpeg', '', '15582669977 18535774', '11:00/22:00', NULL, 155601922, 0),
(129, '5fa621dbee75ee0a1e67cb7a77490841jpeg', '小辣椒卤肉坊', 0, 15, 4, '临汾开发区南孝社区居委会中心街13号', '', 0, 0, '5fa621dbee75ee0a1e67cb7a77490841jpeg', '', '15582365722', '10:30/21:30', NULL, 157656654, 0),
(130, '80fbb8533be2bf466add3cc07294a441png', '鸡公煲+过桥米线（扁担巷店）', 4.9, 15, 4, '临汾市尧都区扁担巷路东10号楼113号', '', 4.9, 4.9, '80fbb8533be2bf466add3cc07294a441png', '', '15934566246', '10:00/21:00', NULL, 2307434, 0),
(131, 'c926912effe92724e672c6a89e683edejpeg', '兰州拉面', 4.2, 15, 4, '临汾开发区建设路45号楼297', '本店推荐您在饿了么网上订餐，优先配送饿了么、淘宝、支付宝、苏宁网上订餐 1、为保证餐品及时到您手中，请保持电话畅通方便送餐员及时联系。 2、首次订餐用户，饿了么客服会对您的订单进行电话确认（来电区号为021） 3、外卖制作+配送都需要耗费时间，希望大家提前预订，避开用餐高峰；有特殊需求，请在订单备注填 4、如遇到菜品问题／配送问题可及时电话咨询商家！我们会以最快的速度进行解决！', 4.2, 4.2, 'c926912effe92724e672c6a89e683edejpeg', '本店已加盟饿了么网上订餐', '18534478801', '10:00/23:30', NULL, 1193466, 0),
(132, '8f183282a4c80d33998bc22b174cad62png', '十凤牛肉丸子面（鼓楼北店）', 4.6, 15, 4, '临汾市尧都区鼓楼北街府西家园10号门店', '本店有早餐 ，欢迎选购！', 4.6, 4.6, '8f183282a4c80d33998bc22b174cad62png', '', '03572099770', '07:00/22:00', NULL, 145336626, 0),
(133, '02deb4f7ba26659fe7bcfbdda3c0b3ddpng', '阿利茄汁面（财神楼店）', 4.8, 15, 4, '临汾市尧都区南财神楼24号', '', 4.8, 4.8, '02deb4f7ba26659fe7bcfbdda3c0b3ddpng', '', '13191119082', '10:00/22:00', NULL, 158728204, 0),
(134, 'c397066e73294aee6da95028915cd17ejpeg', '御口香牛肉水饺', 4.4, 20, 4, '临汾市尧都区商会巷路西干休所门口', '', 4.4, 4.4, 'c397066e73294aee6da95028915cd17ejpeg', '', '13643435818', '10:00/21:00', NULL, 156037340, 0),
(135, '1866c924b9c1890a5bbb988055c2ee26png', '孙勇老四川小吃（贡院街店）', 4.5, 15, 4, '临汾市尧都区贡院街15号楼129号门店', '二十年老字号，地道美味。千万别错过', 4.5, 4.5, '1866c924b9c1890a5bbb988055c2ee26png', '', '18035706433', '10:00/22:00', NULL, 153830772, 0),
(136, 'dc4732db66d1fc74ac1b63a95a3e8e12png', '独一味麻辣小龙虾', 4, 15, 4, '临汾市尧都区建设路6号', '新推龙虾盖浇饭！口味重多，欢迎品尝！', 4, 4, 'dc4732db66d1fc74ac1b63a95a3e8e12png', '饿了就要饿了么', '13233088654', '11:00/23:00', NULL, 1298039, 0),
(137, 'f10750c985bc63e7351716a62bc04ef0png', '老四川小吃店', 4.9, 15, 4, '临汾市尧都区工贸后门何二胡同', '本店优先配送饿了么订单', 4.9, 4.9, 'f10750c985bc63e7351716a62bc04ef0png', '本店已加盟饿了么外面平台', '18636729716', '10:30/21:00', NULL, 1010619, 0);
INSERT INTO `shop` (`sid`, `slogo`, `sname`, `sstar`, `sprice`, `sdeliver`, `saddress`, `snotice`, `sattitude`, `sevaluation`, `spic`, `sinfomation`, `sphone`, `shours`, `squalification`, `shopid`, `uid`) VALUES
(138, '34e18ee531652517eee31eb92555ccc1jpeg', '萌堡堡汉堡饮品炸鸡', 0, 15, 4, '临汾开发区南孝社区居委会中心街3号', '本店新开业！食品干净卫生！欢迎大家来品尝！', 0, 0, '34e18ee531652517eee31eb92555ccc1jpeg', '汉堡饮品炸鸡', '15935332747', '10:00/22:00', NULL, 156450330, 0),
(139, 'f6460a64193eb64f4ff2d1f600a91aebjpeg', '锅仔串串香麻辣拌', 5, 15, 4, '临汾开发区党家楼社区居委会8号', '', 5, 5, 'f6460a64193eb64f4ff2d1f600a91aebjpeg', '', '13753787042', '10:00/22:00', NULL, 155955434, 0),
(140, '47f19d22f3d4b5e7f431d395d1017e04png', '相思樱桃食尚餐厅', 4.8, 15, 4, '临汾市尧都区平阳中街24号', '如果本店在60秒之内没有接上您的订单，麻烦您电话联系下，谢谢.', 4.8, 4.8, '47f19d22f3d4b5e7f431d395d1017e04png', '本店优先配送饿了么订单。', '2012830', '09:00/21:00', NULL, 1501173, 0),
(141, '54cfb8303af6b601fb788c624b832790png', '西安老张牛羊肉泡馍（鼓楼西店）', 5, 15, 4, '临汾市尧都区鼓楼西街9#门面房', '', 5, 5, '54cfb8303af6b601fb788c624b832790png', '', '15303579631 15835717', '07:00/22:30', NULL, 141561131, 0),
(142, 'fda4891e68b30d70a877fcb76980dcd3jpeg', '稷山扯面', 5, 15, 4, '临汾市尧都区车站街38', '', 5, 5, 'fda4891e68b30d70a877fcb76980dcd3jpeg', '', '18634573625', '11:00/22:00', NULL, 153806972, 0),
(143, '8f183282a4c80d33998bc22b174cad62png', '十凤牛肉丸子面（鼓楼北店）', 4.6, 15, 4, '临汾市尧都区鼓楼北街府西家园10号门店', '本店有早餐 ，欢迎选购！', 4.6, 4.6, '8f183282a4c80d33998bc22b174cad62png', '', '03572099770', '07:00/22:00', NULL, 145336626, 0),
(144, 'b9d492d4ed5ae997dfb7ef8f18f257f2jpeg', '湘聚美食坊', 4.4, 15, 4, '临汾市尧都区平阳南街108号', '叫外卖，上饿了么', 4.4, 4.4, 'b9d492d4ed5ae997dfb7ef8f18f257f2jpeg', '叫外卖，上饿了么', '03573928515', '10:00/22:00', NULL, 154327541, 0),
(145, '68b0bf038c08b523635930761c602c77png', '贡院街陈师傅饸饹面馆馍馍米汤菜', 4.7, 15, 4, '临汾市尧都区贡院街40号楼11号门店', '本店推荐您在饿了么网上订餐，优先配送饿了么、淘宝、支付宝、苏宁网上订餐', 4.7, 4.7, '68b0bf038c08b523635930761c602c77png', '本店推荐您在饿了么网上订餐，优先配送饿了么、淘宝、支付宝、苏宁网上订餐', '13293876286 13593524', '09:00/21:00', NULL, 150088507, 0),
(147, '78a94847173103d9bfa3b8509a770fd6png', '中得甲鱼', 5, 15, 4, '临汾市尧都区建设路', '', 5, 5, '78a94847173103d9bfa3b8509a770fd6png', '', '13509776005 0357-333', '11:00/14:30', NULL, 155922183, 0),
(148, '543ba9aee51bf80e2d54ddf217dfbb5ajpeg', '武汉黑鸭', 4.4, 20, 4, '临汾市临汾开发区平阳北街294号一巷01号', '', 4.4, 4.4, '543ba9aee51bf80e2d54ddf217dfbb5ajpeg', '', '18434854990 18534474', '08:00/20:30', NULL, 151655021, 0),
(149, 'ff335087fbdbe6a842701260442356b7jpeg', '汉堡超人脆皮炸鸡拌饭（鼓楼南店）', 4.7, 15, 4, '临汾市尧都区鼓楼南观音堂36号', '', 4.7, 4.7, 'ff335087fbdbe6a842701260442356b7jpeg', '', '13623434118 18835792', '09:30/20:50', NULL, 151660357, 0),
(150, 'afcbafa44f95347a7963f7981558058bpng', '欧巴寿司', 5, 15, 4, '临汾市尧都区生龙国际时尚广场负一层200号', '叫外卖，上饿了么', 5, 5, 'afcbafa44f95347a7963f7981558058bpng', '叫外卖，上饿了么', '15235785551', '10:00/21:10', NULL, 1550138, 0),
(152, 'c87a642a93caa190f8c3435f6645658cjpeg', '位美汉堡店', 4.4, 15, 4, '临汾市尧都区五一西路C区1号楼1层12号', '', 4.4, 4.4, 'c87a642a93caa190f8c3435f6645658cjpeg', '', '18635754068', '09:00/22:00', NULL, 155115681, 0),
(153, 'f6e35e2703596ddee7175497bd606470jpeg', '农家餐馆', 4.2, 15, 4, '临汾开发区向阳西路国税局东侧', '', 4.2, 4.2, 'f6e35e2703596ddee7175497bd606470jpeg', '', '15935356874', '11:00/14:30', NULL, 152310027, 0),
(154, '6acff10053ae821a0353af88787b64a7jpeg', '平阳麻辣烫', 0, 15, 4, '临汾市尧都区解放西路家福乐超市一层门面', '', 0, 0, '6acff10053ae821a0353af88787b64a7jpeg', '', '13233101717', '11:30/13:30', NULL, 156145645, 0),
(155, 'e1bf8ff464e541ebb2fb3bd21cfd486bpng', '小芳牛肉丸子面', 4, 15, 4, '临汾市鼓楼西南角', '本店推荐您在饿了么网上订餐，优先配送饿了么、淘宝、支付宝、苏宁网上订餐\n1、为保证餐品及时到您手中，请保持电话畅通方便送餐员及时联系。 \n2、首次订餐用户，饿了么客服会对您的订单进行电话确认（来电区号为021）\n3、外卖制作+配送都需要耗费时间，希望大家提前预订，避开用餐高峰；有特殊需求，请在订单备注填\n4、如遇到菜品问题／配送问题可及时电话咨询商家！我们会以最快的速度进行解决！\n5、优惠活动／特殊需求说明等（商家自行发挥）', 4, 4, 'e1bf8ff464e541ebb2fb3bd21cfd486bpng', '本店推荐您在饿了么网上订餐，优先配送饿了么、淘宝、支付宝、苏宁网上订餐', '13703558021', '10:00/20:00', NULL, 1025186, 0),
(156, 'cf759dbf46f8b6e96a1759f29a457da4jpeg', '云南过桥米线（向阳路店）', 4.4, 15, 4, '临汾市尧都区向阳路水车巷口', '', 4.4, 4.4, 'cf759dbf46f8b6e96a1759f29a457da4jpeg', '', '15003479937', '10:00/22:00', NULL, 156015983, 0),
(157, '5918945826084fbcaa9be5145044fd79jpeg', '虾折腾麻辣小龙虾外送', 4.3, 0, 5, '山西省临汾市尧都区迎春街解放东路34号', '本店已加盟饿了么网上订餐平台', 4.3, 4.3, '5918945826084fbcaa9be5145044fd79jpeg', '本店优先配送饿了么网上订单', '18435730302', '10:30/14:00', NULL, 526575, 0),
(158, '5e8214758da6682d430f9bb55c4dbeccjpeg', '重庆瘦肉丸子包', 0, 15, 4, '临汾市临汾开发区党家楼', '本店推荐您在饿了么网上订餐，优先配送饿了么、淘宝、支付宝、苏宁网上订餐', 0, 0, '5e8214758da6682d430f9bb55c4dbeccjpeg', '本店推荐您在饿了么网上订餐，优先配送饿了么、淘宝、支付宝、苏宁网上订餐', '18598592221', '09:00/20:55', NULL, 2348488, 0),
(159, '5f4dff9ac5e4e40818ae3c11b147e862jpeg', '龙门花甲海鲜店', 4, 15, 4, '临汾市尧都区解放西路工贸购物中心东地下停车场入口', '', 4, 4, '5f4dff9ac5e4e40818ae3c11b147e862jpeg', '', '13233472031', '10:00/22:00', NULL, 156139692, 0),
(160, 'f9f8f57a30bc5e3ee48c780a9c555072jpeg', '馋嘴猫脆皮炸鸡拌饭', 4.1, 15, 4, '临汾市尧都区财神楼北街168号', '本店推荐您在饿了么网上订餐，优先配送饿了么、淘宝、支付宝、苏宁网上订餐 1、为保证餐品及时到您手中，请保持电话畅通方便送餐员及时联系。 2、首次订餐用户，饿了么客服会对您的订单进行电话确认（来电区号为021） 3、外卖制作+配送都需要耗费时间，希望大家提前预订，避开用餐高峰；有特殊需求，请在订单备注填 4、如遇到菜品问题／配送问题可及时电话咨询商家！我们会以最快的速度进行解决！', 4.1, 4.1, 'f9f8f57a30bc5e3ee48c780a9c555072jpeg', '本店推荐您在饿了么网上订餐，优先配送饿了么、淘宝、支付宝、苏宁网上订餐 1、为保证餐品及时到您手中，请保持电话畅通方便送餐员及时联系。 2、首次订餐用户，饿了么客服会对您的订单进行电话确认（来电区号为021） 3、外卖制作+配送都需要耗费时间，希望大家提前预订，避开用餐高峰；有特殊需求，请在订单备注填 4、如遇到菜品问题／配送问题可及时电话咨询商家！我们会以最快的速度进行解决！', '18534169118', '10:00/21:35', NULL, 1298024, 0),
(161, 'f0dd25b6393488b38366405965bd5550jpeg', '汉堡屋', 5, 15, 4, '临汾市尧都区朝殿三巷', '', 5, 5, 'f0dd25b6393488b38366405965bd5550jpeg', '', '13353480723', '09:30/02:00', NULL, 141560383, 0),
(162, '66cb726f6804b6ebadb0d13805ad3051png', '川渝印象', 4.4, 15, 4, '临汾开发区向阳西路南侧丰台苑3号楼4层0002号门店', '打造中国川菜新形象', 4.4, 4.4, '66cb726f6804b6ebadb0d13805ad3051png', '', '15635738399', '11:00/13:30', NULL, 141559153, 0),
(163, '2f85fe93b0ddbe47afd32e6f6875ab11jpeg', '焦园砂锅（纯骨汤）', 4.4, 15, 4, '临汾市尧都区平阳北街136号', '', 4.4, 4.4, '2f85fe93b0ddbe47afd32e6f6875ab11jpeg', '本店砂锅汤由纯大骨熬制 ，无任何添加剂营养健康又美味。', '18635774887', '11:00/21:30', NULL, 154473457, 0),
(164, 'd973f26ead0f60bb28fb54cf29c5c285jpeg', '麦多馅饼', 4, 15, 4, '临汾市尧都区北财神楼街16号', '本店推荐您在饿了么网上订餐，优先配送饿了么、淘宝、支付宝、苏宁网上订餐 1、为保证餐品及时到您手中，请保持电话畅通方便送餐员及时联系。 2、首次订餐用户，饿了么客服会对您的订单进行电话确认（来电区号为021） 3、外卖制作+配送都需要耗费时间，希望大家提前预订，避开用餐高峰；有特殊需求，请在订单备注填 4、如遇到菜品问题／配送问题可及时电话咨询商家！我们会以最快的速度进行解决！', 4, 4, 'd973f26ead0f60bb28fb54cf29c5c285jpeg', '本店推荐您在饿了么网上订餐，优先配送饿了么、淘宝、支付宝、苏宁网上订餐', '13653554789', '08:00/21:35', NULL, 1080407, 0),
(165, '0a3f78efedce2e0ac95dfb195f735effpng', '李家铜锅牛肉羊肉烩面（尧都店）', 0, 15, 4, '临汾市尧都区平阳南街35号', '叫外卖，上饿了么', 0, 0, '0a3f78efedce2e0ac95dfb195f735effpng', '叫外卖，上饿了么', '03573928515', '10:00/22:00', NULL, 155433513, 0),
(166, '78a94847173103d9bfa3b8509a770fd6png', '中得甲鱼', 5, 15, 4, '临汾市尧都区建设路', '', 5, 5, '78a94847173103d9bfa3b8509a770fd6png', '', '13509776005 0357-333', '11:00/14:30', NULL, 155922183, 0),
(167, '2247245527226c7162b07be2b7278abapng', '岳师傅面来香（万里店）', 4.8, 15, 4, '临汾市尧都区平阳北街27号', '', 4.8, 4.8, '2247245527226c7162b07be2b7278abapng', '', '0357-8607771', '10:30/14:00', NULL, 141559976, 0),
(168, '42beb2be6809271f3ff98ca9f6126e29png', '五谷渔粉(贡院街店)', 5, 15, 4, '临汾市尧都区贡院街9号楼65号门面', '原创品牌五谷渔粉欢迎您的光临！香菜葱花有忌口的顾客请备注！在家吃，带生粉的顾客请备注！', 5, 5, '42beb2be6809271f3ff98ca9f6126e29png', '', '13467106473', '10:00/21:35', NULL, 156869732, 0),
(169, 'da4b973c64c6a7fd1029a4feaeca6a17jpeg', '兄弟麻辣拌（建设路店）', 4.7, 15, 4, '临汾市尧都区建设路4号楼72号门店', '', 4.7, 4.7, 'da4b973c64c6a7fd1029a4feaeca6a17jpeg', '', '13700571718', '11:30/15:00', NULL, 157464312, 0),
(170, 'c496b9913ede39e3d18d6577f897a172jpeg', '东北麻辣拌', 4.4, 15, 4, '临汾市尧都区莲花池一巷9号门店', '', 4.4, 4.4, 'c496b9913ede39e3d18d6577f897a172jpeg', '', '13734091603', '09:00/21:00', NULL, 142862375, 0),
(171, 'f1afa3435d2917d3b99a6c3f7bb075e9jpeg', '乐麦士宅急送', 4.5, 15, 4, '临汾市尧都区煤化巷14号楼86号门店', '本店推荐您在饿了么网上订餐，优先配送饿了么订单！1、为保证餐品及时到您手中，请保持电话畅通方便送餐员及时联系。 2、首次订餐用户，饿了么客服会对您的订单进行电话确认（来电区号为021）3、外卖制作+配送都需要耗费时间，希望大家提前预订，避开用餐高峰；有特殊需求，请在订单备注填4、如遇到菜品问题／配送问题可及时电话咨询商家！我们会以最快的速度进行解决！', 4.5, 4.5, 'f1afa3435d2917d3b99a6c3f7bb075e9jpeg', '本店推荐您在饿了么网上订餐，优先配送饿了么、淘宝、支付宝、苏宁网上订餐', '15296678928', '08:30/01:50', NULL, 521303, 0),
(172, 'f746b4a5b306eb2d59649a8e009cc174png', '正兴涮牛肚（老字号）', 5, 15, 4, '临汾市尧都区车站西街', '正兴涮牛肚，十三年老字号。', 5, 5, 'f746b4a5b306eb2d59649a8e009cc174png', '饿了就要饿了么', '15386972829', '11:30/14:00', NULL, 156031549, 0),
(173, 'd471af7ba7bd23d01b438791b347e5f9jpeg', '重庆特色小吃', 5, 15, 4, '临汾市尧都区东关李家胡同口', '', 5, 5, 'd471af7ba7bd23d01b438791b347e5f9jpeg', '', '15535740578', '09:00/22:00', NULL, 151130255, 0),
(174, 'eb33dec5ec04baf9835755b8ccc48ab3png', '哈尔滨粥屋(平阳广场店)', 4.4, 15, 4, '临汾市尧都区广场新开路', '美味好粥到，营养好周到❤', 4.4, 4.4, 'eb33dec5ec04baf9835755b8ccc48ab3png', '原乡香嘴私房菜馆，十五年老店新升级，老味道，新元素，期待您的光临。', '03573928515', '10:50/14:00', NULL, 155258632, 0),
(175, '4a9240888fd0a5913d2f5f601230feb0jpeg', '杭州鲜肉小笼包', 4.7, 15, 4, '临汾市尧都区车站街15号', '', 4.7, 4.7, '4a9240888fd0a5913d2f5f601230feb0jpeg', '', '18634723073 15503573', '07:00/21:30', NULL, 155770911, 0),
(177, '19e505b15ef1a953536659134a15792epng', '德福粥饼屋', 4.4, 15, 4, '临汾市尧都区平阳南街19号', '', 4.4, 4.4, '19e505b15ef1a953536659134a15792epng', '', '15935777446 0357-888', '08:00/21:30', NULL, 156789359, 0),
(178, 'ebfbf703d5949171ca51ce511284d7dfjpeg', '冯氏过桥米线', 4, 15, 4, '临汾市解放西路家福乐超市一层', '饿了就点热的饿了么，我们将以最优质的服务提供给大家，欢迎您的品尝与监督，饿了么市场部投诉电话：0357-3928515', 4, 4, 'ebfbf703d5949171ca51ce511284d7dfjpeg', '饿了就点热的饿了么，我们将以最优质的服务提供给大家，欢迎您的品尝与监督，饿了么市场部投诉电话：0357-3928515', '13453673050', '09:40/23:55', NULL, 2159521, 0),
(179, '988dc7d0975ccd1839d4c56e00a8d1bdpng', '新粥鼎记', 5, 15, 4, '临汾市尧都区解放西路（南）', '', 5, 5, '988dc7d0975ccd1839d4c56e00a8d1bdpng', '', '0357-3161102', '09:00/14:00', NULL, 141559908, 0),
(180, '51089f6a4b889c2351869ed1feb621c6jpeg', '二招地道菜馆', 4.3, 15, 4, '临汾市尧都区体育北街56号', '本店推荐您在饿了么网上订餐，优先配送饿了么、淘宝、支付宝、苏宁网上订餐\n1、为保证餐品及时到您手中，请保持电话畅通方便送餐员及时联系。 \n2、首次订餐用户，饿了么客服会对您的订单进行电话确认（来电区号为021）\n3、外卖制作+配送都需要耗费时间，希望大家提前预订，避开用餐高峰；有特殊需求，请在订单备注填\n4、如遇到菜品问题／配送问题可及时电话咨询商家！我们会以最快的速度进行解决！', 4.3, 4.3, '51089f6a4b889c2351869ed1feb621c6jpeg', '本店推荐您在饿了么网上订餐，优先配送饿了么、淘宝、支付宝、苏宁网上订餐', '13111117405', '10:00/21:00', NULL, 1055011, 0),
(181, '51089f6a4b889c2351869ed1feb621c6jpeg', '二招地道菜馆', 4.3, 15, 4, '临汾市尧都区体育北街56号', '本店推荐您在饿了么网上订餐，优先配送饿了么、淘宝、支付宝、苏宁网上订餐\n1、为保证餐品及时到您手中，请保持电话畅通方便送餐员及时联系。 \n2、首次订餐用户，饿了么客服会对您的订单进行电话确认（来电区号为021）\n3、外卖制作+配送都需要耗费时间，希望大家提前预订，避开用餐高峰；有特殊需求，请在订单备注填\n4、如遇到菜品问题／配送问题可及时电话咨询商家！我们会以最快的速度进行解决！', 4.3, 4.3, '51089f6a4b889c2351869ed1feb621c6jpeg', '本店推荐您在饿了么网上订餐，优先配送饿了么、淘宝、支付宝、苏宁网上订餐', '13111117405', '10:00/21:00', NULL, 1055011, 0),
(182, 'e20e90b5fd828d797a5490427f239861jpeg', '老大海鲜炒菜面食烧烤', 5, 15, 4, '临汾市尧都区广场美食城', '', 5, 5, 'e20e90b5fd828d797a5490427f239861jpeg', '', '18734768373', '00:00/02:00', NULL, 146914635, 0),
(183, 'd29333367e59ab4d261991dad963ff00jpeg', '非非烤肉拌饭（扁担巷店）', 4.1, 15, 4, '临汾市尧都区扁担巷华都游泳馆自南向北第十间', '', 4.1, 4.1, 'd29333367e59ab4d261991dad963ff00jpeg', '', '13994781355', '10:00/20:30', NULL, 156515948, 0),
(184, 'f6460a64193eb64f4ff2d1f600a91aebjpeg', '老王麻辣串（原三中后门）', 4.4, 15, 4, '临汾市尧都区花果街路东功臣小区家属院', '实惠、卫生、无添加', 4.4, 4.4, 'f6460a64193eb64f4ff2d1f600a91aebjpeg', '二十年老店，良心服务，实惠，新鲜，无添加剂', '18735770282', '10:30/23:00', NULL, 155955434, 0),
(185, 'b3f103073bc548ed5fb7d26693d718bcpng', '过锅瘾三汁焖锅（工贸店）', 4, 0, 4, '临汾市尧都区解放西路工贸购物中心7层', '饿了就要饿了么', 4, 4, 'b3f103073bc548ed5fb7d26693d718bcpng', '', '2666333', '10:00/14:00', NULL, 2247722, 0),
(186, '37fc76000677ae60643daac7456bf1d7png', '小陈西安凉皮米线', 5, 15, 0, '临汾市尧都区平阳南街33号', '本店推荐您在饿了么网上订餐，优先配送饿了么、淘宝、支付宝、苏宁网上订餐 1、为保证餐品及时到您手中，请保持电话畅通方便送餐员及时联系。 2、首次订餐用户，饿了么客服会对您的订单进行电话确认（来电区号为021） 3、外卖制作+配送都需要耗费时间，希望大家提前预订，避开用餐高峰；有特殊需求，请在订单备注填 4、如遇到菜品问题／配送问题可及时电话咨询商家！我们会以最快的速度进行解决！', 5, 5, '37fc76000677ae60643daac7456bf1d7png', '本店优先配送饿了么网上订单', '13546538366 18735726', '10:30/21:00', NULL, 507689, 0),
(187, '49221270ff4e0c0b60e582a02486d1e7png', '黔南花甲', 4.4, 15, 4, '临汾市尧都区何二东胡同', '每份花甲包括豆芽 豆腐皮  豆腐 鱼丸 虾丸 金针菇 米粉 花甲等，每份最多可另加三份菜品。', 4.4, 4.4, '49221270ff4e0c0b60e582a02486d1e7png', '本店推荐您在饿了么网上订餐，优先配送饿了么、淘宝、支付宝、苏宁网上订餐 1、为保证餐品及时到您手中，请保持电话畅通方便送餐员及时联系。 2、首次订餐用户，饿了么客服会对您的订单进行电话确认（来电区号为021） 3、外卖制作+配送都需要耗费时间，希望大家提前预订，避开用餐高峰；有特殊需求，请在订单备注填 4、如遇到菜品问题／配送问题可及时电话咨询商家！我们会以最快的速度进行解决！', '15333472255', '10:00/21:00', NULL, 1201571, 0),
(188, 'b8c60ad7b207c43a5a33a5f856329626png', '宝岛鸡排', 0, 15, 4, '临汾市尧都区东关街东关花园东区1号楼13号门店', '', 0, 0, 'b8c60ad7b207c43a5a33a5f856329626png', '', '13453665337', '10:00/02:00', NULL, 157931014, 0),
(189, 'd471af7ba7bd23d01b438791b347e5f9jpeg', '重庆特色小吃', 5, 15, 4, '临汾市尧都区东关李家胡同口', '', 5, 5, 'd471af7ba7bd23d01b438791b347e5f9jpeg', '', '15535740578', '09:00/22:00', NULL, 151130255, 0),
(190, '2de1078f38949f6eafca7480aacd2a75png', '杠岗香功夫煲仔饭', 5, 15, 4, '临汾市尧都区信合西路D区10#楼-21-22号门店', '杠岗香功夫煲仔是临汾独家正宗煲仔饭加盟店，米是泰香月牙米（煲仔饭专供），颗颗聚集天地精华，营养丰富、米粒修长、油润晶莹、柔韧适中，充分吸收菜和油（养生汁）的香味；煲仔饭口感醇厚，色香味俱佳。功夫煲仔饭做工细致，采用总部研发专利智能灶，单锅蒸米，熟米浇油焗饭。一煲精华，尽在锅巴。', 5, 5, '2de1078f38949f6eafca7480aacd2a75png', '', '13620680909 15034341', '10:00/21:00', NULL, 2041539, 0),
(191, '38c472035f7b656fde45c677c3ae285cjpeg', '符离集香鸡（老字号）', 5, 15, 4, '临汾市尧都区车站西街', '苏家符离集香鸡，三十年老字号。', 5, 5, '38c472035f7b656fde45c677c3ae285cjpeg', '', '18534355999 18703570', '09:00/21:00', NULL, 156031468, 0),
(192, 'e5618de73fff218be74f942adb44d3cajpeg', '月亮大盘鸡', 4.5, 15, 4, '临汾市尧都区迎春北街22号', '', 4.5, 4.5, 'e5618de73fff218be74f942adb44d3cajpeg', '', '13753539844', '10:00/22:00', NULL, 155798490, 0),
(193, 'cf9cafa41b7fa51251c95e2209c624a6jpeg', '欧式小站', 4.4, 15, 4, '临汾市尧都区迎春街六中门口', '', 4.4, 4.4, 'cf9cafa41b7fa51251c95e2209c624a6jpeg', '', '13546171214', '07:30/21:30', NULL, 142927886, 0),
(194, '337d64cdbb6168907382e410c31d14a4jpeg', '重庆鸡公煲', 4.4, 15, 4, '临汾开发区郭家庄社区居委会排房街35号飞剑网咖对面', '', 4.4, 4.4, '337d64cdbb6168907382e410c31d14a4jpeg', '', '13233096969', '10:30/22:30', NULL, 150846420, 0),
(195, '78b8ee4611b0df209b3ae461e7415cc1jpeg', '凉皮米线（生资巷店）', 4.9, 15, 4, '临汾市尧都区生资巷', '', 4.9, 4.9, '78b8ee4611b0df209b3ae461e7415cc1jpeg', '二十年老店，值得信赖。', '13633574678', '07:30/21:30', NULL, 157410724, 0),
(196, 'e8aea9752a6fc5cb20dadc97949e87c5jpeg', '四川老江饭店（邓氏川菜）', 4.4, 15, 4, '临汾市尧都区东关羊市街56号', '本店推荐您在饿了么网上订餐，优先配送饿了么、淘宝、支付宝、苏宁网上订餐', 4.4, 4.4, 'e8aea9752a6fc5cb20dadc97949e87c5jpeg', '本店推荐您在饿了么网上订餐，优先配送饿了么、淘宝、支付宝、苏宁网上订餐', '13015327060 18434858', '10:00/14:30', NULL, 150119566, 0),
(197, '867cefed1aa5da764efc6730eec02b83jpeg', '斯普林特（西餐厅）', 4.7, 15, 4, '临汾市尧都区解放西路33号生龙国际时尚广场八层F8-109号', '', 4.7, 4.7, '867cefed1aa5da764efc6730eec02b83jpeg', '', '13835769916', '09:00/21:35', NULL, 2293073, 0),
(198, '6c9807a23fb25a19b343c9918c0375a0jpeg', '祁家牛肉丸子', 4, 0, 4, '临汾开发区建设路坂下综合楼37号1层231号', '', 4, 4, '6c9807a23fb25a19b343c9918c0375a0jpeg', '', '18435736789', '07:00/15:00', NULL, 154286067, 0),
(199, '13aaafe3770de43eba657a2325bcb104jpeg', '瑞福聚饺子园(向阳西路店)', 0, 15, 4, '临汾开发区向阳西路4号楼101', '', 0, 0, '13aaafe3770de43eba657a2325bcb104jpeg', '', '13096524923', '09:00/22:00', NULL, 147669090, 0),
(200, '6c5e83c44b7c868f690013dd291569fbjpeg', '军军稍子面（临汾老字号）', 0, 15, 4, '临汾市尧都区扁担巷', '饿了就要饿了么', 0, 0, '6c5e83c44b7c868f690013dd291569fbjpeg', '饿了就要饿了么', '13734051222', '10:00/22:30', NULL, 141560736, 0),
(201, '9f47911e07e4d07b63d195962ed11469jpeg', '宏大剔尖面馆', 4, 15, 4, '临汾市尧都区扁担巷路西小区7号楼一层一单元101室', '', 4, 4, '9f47911e07e4d07b63d195962ed11469jpeg', '', '15035705120', '11:30/14:00', NULL, 2080966, 0),
(202, '9795763c5580deaa6bd515268c0b7093png', '兄弟麻辣拌（洪家楼店）', 3.5, 15, 4, '临汾市尧都区一市场51号', '', 3.5, 3.5, '9795763c5580deaa6bd515268c0b7093png', '', '17603577966', '10:00/21:30', NULL, 155829270, 0),
(203, 'bb26a92b5c5871d9dcc1f4538c2ddc57jpeg', '炸鸡啤酒大鸡排', 4.4, 15, 4, '临汾市尧都区平阳南街新明金市场南5号', '本店推荐您在饿了么网上订餐，优先配送饿了么订单！1、为保证餐品及时到您手中，请保持电话畅通方便送餐员及时联系。 2、首次订餐用户，饿了么客服会对您的订单进行电话确认（来电区号为021）3、外卖制作+配送都需要耗费时间，希望大家提前预订，避开用餐高峰；有特殊需求，请在订单备注填4、如遇到菜品问题／配送问题可及时电话咨询商家！我们会以最快的速度进行解决！', 4.4, 4.4, 'bb26a92b5c5871d9dcc1f4538c2ddc57jpeg', '本店推荐您在饿了么网上订餐，优先配送饿了么订单！1、为保证餐品及时到您手中，请保持电话畅通方便送餐员及时联系。 2、首次订餐用户，饿了么客服会对您的订单进行电话确认（来电区号为021）3、外卖制作+配送都需要耗费时间，希望大家提前预订，避开用餐高峰；有特殊需求，请在订单备注填4、如遇到菜品问题／配送问题可及时电话咨询商家！我们会以最快的速度进行解决！', '13546573970', '10:00/21:00', NULL, 1352955, 0),
(204, 'db1d9a90ecc4d609ed1491f36b0e2169jpeg', '手工馄饨（学）', 4.7, 0, 3, '临汾市尧都区东关花园东区1号楼13号门店', '1.本店使用饿了么网上订餐，优先配送！ \n2.提前20分钟预定，用餐更及时！ \n3. 意见反馈、开店申请全国客服电话：10105757。', 4.7, 4.7, 'db1d9a90ecc4d609ed1491f36b0e2169jpeg', '本店优先配送饿了么网上订单', '15135739982', '06:30/11:30', NULL, 516609, 0),
(206, '7b13f68a9aec7e5a29e8d0233d548593jpeg', '瑞氏大盘鸡（六中店）', 5, 15, 4, '临汾市尧都区迎春街16号', '本店推荐您在饿了么网上订餐，优先配送饿了么、淘宝、支付宝、苏宁网上订餐', 5, 5, '7b13f68a9aec7e5a29e8d0233d548593jpeg', '本店推荐您在饿了么网上订餐，优先配送饿了么、淘宝、支付宝、苏宁网上订餐', '15935877120', '10:30/21:00', NULL, 2350963, 0),
(207, 'e323dfd9de0bf368a2efa51cd332c0a8jpeg', '重庆特色小吃（花果街店）', 4.5, 15, 4, '山西省临汾市尧都区花果街', '本店优先配送饿了么网上订单！\n                   良心餐厅，放心食用，，。不算菜的利润饭的成本，决对让广大顾客放心食用，合理消费，。', 4.5, 4.5, 'e323dfd9de0bf368a2efa51cd332c0a8jpeg', '本店已加盟饿了么订餐平台！', '13509776762', '09:30/21:00', NULL, 1015986, 0),
(208, '89507d33844371457e0eaa4ab4b14eccjpeg', '西施凉皮米线店', 4.4, 15, 4, '临汾市尧都区体育南街38号', '', 4.4, 4.4, '89507d33844371457e0eaa4ab4b14eccjpeg', '', '15935727457 13903570', '09:00/21:00', NULL, 1897509, 0),
(209, 'bdca8469a4a0831d1f46edd58cd42224jpeg', '伊立轩饺子', 4.8, 15, 4, '临汾市尧都区西关北园118号', '清真伊立轩涮羊肉，羊肉串。正宗清真羊肉，大块肉果木碳烧烤。秘制配料，挑战你的味蕾。撸串就要过瘾，喝酒就要尽兴。伊立轩是你最佳的选择。久违的味道又回来了，还等什么？赶快行动吧！！！', 4.8, 4.8, 'bdca8469a4a0831d1f46edd58cd42224jpeg', '', '18035797919', '10:30/14:30', NULL, 2359718, 0),
(210, '4b69a1b7cccb016d3280b3ea9dea6d7epng', '玛喜达年糕料理', 0, 15, 4, '临汾市尧都区解放西路28号工贸6层餐饮区6001号', '本店推荐您在饿了么网上订餐，优先配送饿了么、淘宝、支付宝、苏宁网上订餐 1、为保证餐品及时到您手中，请保持电话畅通方便送餐员及时联系。 2、首次订餐用户，饿了么客服会对您的订单进行电话确认（来电区号为021） 3、外卖制作+配送都需要耗费时间，希望大家提前预订，避开用餐高峰；有特殊需求，请在订单备注填 4、如遇到菜品问题／配送问题可及时电话咨询商家！我们会以最快的速度进行解决！', 0, 0, '4b69a1b7cccb016d3280b3ea9dea6d7epng', '本店推荐您在饿了么网上订餐，优先配送饿了么、淘宝、支付宝、苏宁网上订餐', '13753795876', '10:00/21:00', NULL, 1273019, 0),
(211, '5aeb5b51f64b863084ae9ab757c8ef4cjpeg', '正宗福建千里香馄饨王（东关店）', 4, 15, 4, '临汾市尧都区鼓楼东大街171号', '', 4, 4, '5aeb5b51f64b863084ae9ab757c8ef4cjpeg', '', '13860991391', '09:00/21:35', NULL, 2343336, 0),
(212, '71b19384a056e227460b43102f939af0jpeg', '重庆鸡公堡（向阳路）', 0, 15, 4, '临汾开发区向阳西路郭家庄社区居委会排房街14号', '', 0, 0, '71b19384a056e227460b43102f939af0jpeg', '', '13835777373', '11:00/14:30', NULL, 156344658, 0),
(213, 'f4a6434a2f9a04776b564c32cb65ccf1jpeg', '精武辣鸭脖（体育中街店）', 5, 15, 4, '临汾市尧都区体育街14号', '', 5, 5, 'f4a6434a2f9a04776b564c32cb65ccf1jpeg', '', '17634126248', '00:00/02:00', NULL, 156478093, 0),
(214, '881a73d0170336b7a41bfb0713cb75f6jpeg', '小花小甲花甲粉（平阳广场店）', 4.7, 15, 4, '临汾市尧都区解放东路1号', '饿了就要饿了么', 4.7, 4.7, '881a73d0170336b7a41bfb0713cb75f6jpeg', '饿了就要饿了么', '18235779939', '09:00/14:20', NULL, 155147395, 0),
(215, 'b094ded716a9fc406f49f1f9ea0e135cjpeg', '新禾烘焙', 4.4, 15, 4, '临汾市尧都区解放东路', '本店推荐您在饿了么网上订餐，优先配送饿了么、淘宝、支付宝、苏宁网上订餐 1、为保证餐品及时到您手中，请保持电话畅通方便送餐员及时联系。 2、首次订餐用户，饿了么客服会对您的订单进行电话确认（来电区号为021） 3、外卖制作+配送都需要耗费时间，希望大家提前预订，避开用餐高峰；有特殊需求，请在订单备注填 4、如遇到菜品问题／配送问题可及时电话咨询商家！我们会以最快的速度进行解决！', 4.4, 4.4, 'b094ded716a9fc406f49f1f9ea0e135cjpeg', '本店推荐您在饿了么网上订餐，优先配送饿了么、淘宝、支付宝、苏宁网上订餐', '13623573416', '09:00/19:25', NULL, 2326003, 0),
(216, 'ebbe1d840a0886464f00fd506287e887jpeg', '师老二羊汤', 4.4, 15, 4, '临汾开发区河汾路春秋新星机电城1026门店', '', 4.4, 4.4, 'ebbe1d840a0886464f00fd506287e887jpeg', '', '15135341913', '09:00/22:00', NULL, 155903340, 0),
(217, 'cfce650cb58c4b4ef61bc9c94b5e2ac2jpeg', '华盛快餐店（师大店）', 4.7, 15, 4, '临汾市尧都区印染巷27号华盛小区物业楼东一层101号门面房', '饿了就点热的饿了么，我们将以最优质的服务提供给大家', 4.7, 4.7, 'cfce650cb58c4b4ef61bc9c94b5e2ac2jpeg', '饿了就点热的饿了么，我们将以最优质的服务提供给大家', '18935386818', '09:25/21:00', NULL, 2159493, 0),
(218, '41d66277e01dc140d8c5ef3e2b825732jpeg', '福建千里香馄饨', 4.8, 0, 4, '临汾市尧都区平阳北街13号', '', 4.8, 4.8, '41d66277e01dc140d8c5ef3e2b825732jpeg', '', '13675938693', '09:30/21:45', NULL, 1068702, 0),
(219, 'cf759dbf46f8b6e96a1759f29a457da4jpeg', '过桥缘过桥米线（迎春南街店）', 4.7, 15, 4, '临汾市尧都区科技新村3号楼14号门店', '', 4.7, 4.7, 'cf759dbf46f8b6e96a1759f29a457da4jpeg', '', '18035743009 18003573', '10:00/22:00', NULL, 156015983, 0),
(220, 'ea406ba2395f4047ff4c746a9dcfb580jpeg', '晓月牛肉丸子面', 5, 15, 4, '临汾市尧都区平阳北街32号', '', 5, 5, 'ea406ba2395f4047ff4c746a9dcfb580jpeg', '', '17735703433', '10:00/21:30', NULL, 156221206, 0),
(221, 'cfce650cb58c4b4ef61bc9c94b5e2ac2jpeg', '华盛快餐店（师大店）', 4.7, 15, 4, '临汾市尧都区印染巷27号华盛小区物业楼东一层101号门面房', '饿了就点热的饿了么，我们将以最优质的服务提供给大家', 4.7, 4.7, 'cfce650cb58c4b4ef61bc9c94b5e2ac2jpeg', '饿了就点热的饿了么，我们将以最优质的服务提供给大家', '18935386818', '09:25/21:00', NULL, 2159493, 0),
(222, '41d66277e01dc140d8c5ef3e2b825732jpeg', '福建千里香馄饨', 4.8, 0, 4, '临汾市尧都区平阳北街13号', '', 4.8, 4.8, '41d66277e01dc140d8c5ef3e2b825732jpeg', '', '13675938693', '09:30/21:45', NULL, 1068702, 0),
(223, 'cf759dbf46f8b6e96a1759f29a457da4jpeg', '过桥缘过桥米线（迎春南街店）', 4.7, 15, 4, '临汾市尧都区科技新村3号楼14号门店', '', 4.7, 4.7, 'cf759dbf46f8b6e96a1759f29a457da4jpeg', '', '18035743009 18003573', '10:00/22:00', NULL, 156015983, 0),
(224, 'ea406ba2395f4047ff4c746a9dcfb580jpeg', '晓月牛肉丸子面', 5, 15, 4, '临汾市尧都区平阳北街32号', '', 5, 5, 'ea406ba2395f4047ff4c746a9dcfb580jpeg', '', '17735703433', '10:00/21:30', NULL, 156221206, 0),
(225, '9437d3d93c51c3a42cdecd597ea649cbjpeg', '东北麻辣拌（青狮街店）', 0, 15, 4, '临汾市尧都区青狮北街购物大楼一层', '正宗东北麻辣拌，青狮街老店', 0, 0, '9437d3d93c51c3a42cdecd597ea649cbjpeg', '', '13934172815', '10:30/20:30', NULL, 156926818, 0),
(226, '8194998b9041ba24853d38fbd218d41cjpeg', '剁椒鱼头面（北孝店）', 0, 15, 4, '临汾开发区北孝社区居委会中心街南区1号', '', 0, 0, '8194998b9041ba24853d38fbd218d41cjpeg', '', '15234705851', '11:00/14:30', NULL, 157173770, 0),
(227, 'eb0e9d8bd7232d8f318e67d15ddc73e3jpeg', '武汉久久鸭（体育南街店）', 0, 15, 4, '临汾市尧都区体育南街21号建行前铁皮房', '', 0, 0, 'eb0e9d8bd7232d8f318e67d15ddc73e3jpeg', '', '17735730103', '09:00/21:30', NULL, 155912830, 0),
(228, 'c9ed01d9ffa33c7e6a968ad4afdb6780jpeg', '三品香桂林米粉', 4.5, 15, 4, '临汾市尧都区鼓楼北街路西7号（国税宾馆楼下）', '本店推荐您在饿了么网上订餐，优先配送饿了么、淘宝、支付宝、苏宁网上订餐', 4.5, 4.5, 'c9ed01d9ffa33c7e6a968ad4afdb6780jpeg', '本店推荐您在饿了么网上订餐，优先配送饿了么、淘宝、支付宝、苏宁网上订餐', '13233572119', '09:00/21:30', NULL, 2365593, 0),
(229, '9300df0da153bb7b04b84910e0e993b3jpeg', '东北人过桥米线', 4.5, 15, 4, '临汾市尧都区平阳南街新明金市场南6号', '', 4.5, 4.5, '9300df0da153bb7b04b84910e0e993b3jpeg', '', '18935380405', '11:00/21:00', NULL, 152596364, 0),
(230, 'bed56894ac59b00227729f35c3efd65ajpeg', '瑞氏大盘鸡兵站路店', 4.4, 15, 4, '临汾市尧都区解放东路小学南边第一间', '本店推荐您在饿了么网上订餐，优先配送饿了么、淘宝、支付宝、苏宁网上订餐\n1、为保证餐品及时到您手中，请保持电话畅通方便送餐员及时联系。 \n2、首次订餐用户，饿了么客服会对您的订单进行电话确认（来电区号为021）\n3、外卖制作+配送都需要耗费时间，希望大家提前预订，避开用餐高峰；有特殊需求，请在订单备注填\n4、如遇到菜品问题／配送问题可及时电话咨询商家！我们会以最快的速度进行解决！', 4.4, 4.4, 'bed56894ac59b00227729f35c3efd65ajpeg', '本店推荐您在饿了么网上订餐，优先配送饿了么、淘宝、支付宝、苏宁网上订餐', '15135718092', '10:15/23:05', NULL, 1105626, 0),
(231, 'a06197e135f59ab136555fbb06b5365djpeg', '媛媛面馆', 0, 15, 4, '临汾市尧都区铁经巷路东', '叫外卖，上饿了么', 0, 0, 'a06197e135f59ab136555fbb06b5365djpeg', '叫外卖，上饿了么', '15235777611', '06:30/21:00', NULL, 156031366, 0),
(232, 'cb60f1980fc226c0d02bc12e85c63456jpeg', '香香麻辣拌', 4.6, 15, 4, '临汾市尧都区鼓楼南大街43号', '', 4.6, 4.6, 'cb60f1980fc226c0d02bc12e85c63456jpeg', '', '13233573308', '10:00/23:00', NULL, 155705666, 0),
(233, '820ddebc0a4348505434d54de30405ffjpeg', '浮山郭老大面馆', 4.7, 15, 4, '临汾市临汾开发区河汾路西段', '叫外卖，上饿了么', 4.7, 4.7, '820ddebc0a4348505434d54de30405ffjpeg', '叫外卖，上饿了么\n', '0357-2881923', '11:00/15:00', NULL, 155903392, 0),
(234, '63cd70b8cfcaff1699fa797fa51e4247jpeg', '西安小张特色小吃', 4.4, 15, 4, '临汾市尧都区体育南街糖果旁', '体育街小张米线，二十年老店', 4.4, 4.4, '63cd70b8cfcaff1699fa797fa51e4247jpeg', '', '13734125465', '08:30/22:00', NULL, 157088144, 0),
(235, '70fdc0d6b2380e1902263efdf43cfbd2jpeg', '段师傅一品大盘鸡牛肉丸子面', 4.4, 15, 4, '临汾开发区坂下社区居委会后头园二巷1号', '', 4.4, 4.4, '70fdc0d6b2380e1902263efdf43cfbd2jpeg', '', '18735706675', '09:00/21:00', NULL, 153831465, 0),
(236, '8241dc05861f451721c155e14b8f7317png', '乔大乔二牛肉拉面广场店', 4.3, 15, 4, '临汾市尧都区平阳中街3号', '', 4.3, 4.3, '8241dc05861f451721c155e14b8f7317png', '', '18735949451 18235765', '10:00/21:00', NULL, 2373852, 0),
(237, '82d374fbf69b7184cc4d762ef9bcdae2jpeg', '老街七号龙虾盖浇饭店', 4.6, 30, 0, '临汾市尧都区鼓楼南大街益民路南50米', '', 4.6, 4.6, '82d374fbf69b7184cc4d762ef9bcdae2jpeg', '', '13068026668 0357-395', '09:00/15:00', NULL, 2007220, 0),
(238, '686e6cd154f1cd48e0eb6fd207973711jpeg', '李字号重庆鸡公煲黄焖鸡米饭（解放西路店）', 0, 15, 4, '临汾市尧都区解放西路还迁楼4号楼3号门店', '', 0, 0, '686e6cd154f1cd48e0eb6fd207973711jpeg', '', '13663476997', '10:00/22:00', NULL, 157692759, 0),
(239, '08eb8ddbc1028e3186a5f9797406583dpng', '兰州拉面（建设路店）', 5, 15, 4, '山西省临汾市尧都区建设路16号楼166号', '', 5, 5, '08eb8ddbc1028e3186a5f9797406583dpng', '', '18649363850', '09:00/22:00', NULL, 151679914, 0),
(240, 'f8b0e9c91cfa9e9824d35ac0187e54a5jpeg', '小胡同春卷', 4.4, 15, 4, '临汾市尧都区鼓楼南40号楼298号', '东关小胡同分店，十年老店，品质保证', 4.4, 4.4, 'f8b0e9c91cfa9e9824d35ac0187e54a5jpeg', '', '17703478878', '11:00/14:30', NULL, 141556898, 0),
(242, 'e0f49adc05a181a26a568b0be39662f8png', '西安正宗老张家牛羊肉泡馍（向阳路店）', 4.3, 15, 4, '临汾市尧都区向阳路南侧5号楼门面', '', 4.3, 4.3, 'e0f49adc05a181a26a568b0be39662f8png', '', '18435759877', '08:30/22:30', NULL, 156596551, 0),
(243, '4fbf251ee77663f582d0b7d3794b4e6ajpeg', '新星炒面馆', 4, 15, 4, '临汾市尧都区向阳路八中学校东侧', '', 4, 4, '4fbf251ee77663f582d0b7d3794b4e6ajpeg', '', '13453669311', '11:00/14:30', NULL, 142843954, 0),
(244, '749de703dcace9b87e86ce2ae9fdb781png', '方糖咖餐厅', 4, 15, 4, '临汾市尧都区平阳中街27号', '新店开张，优惠多多！', 4, 4, '749de703dcace9b87e86ce2ae9fdb781png', '主营中西式快餐简餐、咖啡、各类饮品、甜品、桌游。本店以健康美味服务好为主旨，期待您的光临和订餐！', '18635722770', '11:00/23:00', NULL, 156577811, 0),
(245, 'e1a30fc3e24e40dbf272a465c8829c0djpeg', '状元烤蹄', 5, 15, 4, '临汾市尧都区信合西路D区5号楼11号门', '', 5, 5, 'e1a30fc3e24e40dbf272a465c8829c0djpeg', '', '15333471151', '11:45/23:55', NULL, 2342813, 0),
(246, '078a1ff5a967e578bee6614d93adf9fajpeg', '疯狂约翰（生龙店）', 5, 15, 4, '临汾市尧都区生龙国际八层002号', '', 5, 5, '078a1ff5a967e578bee6614d93adf9fajpeg', '', '18636729995', '10:00/21:00', NULL, 156145533, 0),
(247, 'eee5afe2a359065743f107b4a13c1a88jpeg', '御味祥道口烧鸡', 4.4, 15, 4, '尧都区西赵村北十巷14号楼', '道口烧鸡肥而不腻，色鲜味美，食用勿需刀，用手一抖，骨肉自行分离。无论冷热，均余香满口。至今回味起来，犹垂涎三尺“。', 4.4, 4.4, 'eee5afe2a359065743f107b4a13c1a88jpeg', '', '18335729685', '09:00/23:30', NULL, 150032473, 0),
(248, '7ec199ea96fea59a6a7d82a641a00d94jpeg', '国王披萨', 4.4, 15, 4, '临汾市尧都区向阳路安达圣新天地负一层125号', '', 4.4, 4.4, '7ec199ea96fea59a6a7d82a641a00d94jpeg', '', '18235780369', '09:30/20:30', NULL, 2252413, 0),
(249, '7a8baaf2a5766068adb6312a43d66b20jpeg', '晋中私房菜', 5, 15, 4, '临汾市尧都区铁路大宿舍公安分处对面', '', 5, 5, '7a8baaf2a5766068adb6312a43d66b20jpeg', '', '13503576933', '10:00/14:30', NULL, 1297994, 0),
(250, '5cdbbe8655e691b209c82c058d595ed2jpeg', '陈老三霍州打卤面', 4.4, 15, 4, '临汾市尧都区五一西路34号', '', 4.4, 4.4, '5cdbbe8655e691b209c82c058d595ed2jpeg', '', '15934558883', '11:00/15:05', NULL, 1039384, 0),
(251, 'ea406ba2395f4047ff4c746a9dcfb580jpeg', '白老二牛肉丸子面（向阳路店）', 0, 15, 4, '临汾市尧都区建设路小区1号楼1-1A号门店', '', 0, 0, 'ea406ba2395f4047ff4c746a9dcfb580jpeg', '', '15603574988', '08:30/23:30', NULL, 156221206, 0),
(252, 'ea406ba2395f4047ff4c746a9dcfb580jpeg', '龙龙牛肉丸子面', 4.4, 15, 4, '临汾市尧都区南洪家楼41号', '十三年老店，24小时营业。', 4.4, 4.4, 'ea406ba2395f4047ff4c746a9dcfb580jpeg', '', '13835759030', '10:00/02:00', NULL, 156221206, 0),
(253, '0f8ef7790004c67220b09f20e499b605jpeg', '十里香酥肉面', 0, 15, 4, '临汾市尧都区体育街付24号院', '', 0, 0, '0f8ef7790004c67220b09f20e499b605jpeg', '', '13593521343', '10:00/22:00', NULL, 155913127, 0),
(254, '892da1e62678a948cc9407f45d76c942jpeg', '小黑赵城羊汤（鼓楼北街店）', 0, 15, 4, '临汾市尧都区鼓楼北大街107号', '', 0, 0, '892da1e62678a948cc9407f45d76c942jpeg', '', '18835707296', '10:00/22:00', NULL, 141561139, 0),
(255, '3d32127eeaeb87c63a1dd49929a867b8png', '斯味可麻辣外公(科委店)', 5, 15, 4, '临汾市尧都区科委巷解放二校住宅小区门面101号', '搭配餐内不含主食 需要的请额外单点 特色美食 舍不得，放不下的好滋味。 温暖你的是服务，感动你的是美食。 饮食和为美，人生和则贵。 风味特色，美食美刻。 优惠多多 免费waif～免费停车位～有吸烟区～厅内有供暖 是一个饮食、环境干净、卫生、休闲温暖一冬的好去处～ 斯味可@麻辣外公', 5, 5, '3d32127eeaeb87c63a1dd49929a867b8png', '特色美食 套餐 ～不含主食 ⚠️外公麻辣大虾焖锅～ ⚠️外公香辣鸡翅焖锅～ ⚠️外公香辣鸡腿焖锅～ ⚠️外公鸡翅蔬菜煲～ ⚠️外公鸡腿蔬菜煲～ ⚠️外公串串烧～ ⚠️外公麻辣香锅～各种热饮～ 欢迎大家来品尝～～ 好礼优惠不停', '03573928515', '09:30/21:00', NULL, 154898084, 0),
(256, 'cefff5ded07c54fbf007bc82f70db24ajpeg', '蒲县张旺杂粮面', 4, 15, 4, '临汾市鼓楼西', '本店推荐您在饿了么网上订餐，优先配送饿了么、淘宝、支付宝、苏宁网上订餐\n1、为保证餐品及时到您手中，请保持电话畅通方便送餐员及时联系。 \n2、首次订餐用户，饿了么客服会对您的订单进行电话确认（来电区号为021）\n3、外卖制作+配送都需要耗费时间，希望大家提前预订，避开用餐高峰；有特殊需求，请在订单备注填\n4、如遇到菜品问题／配送问题可及时电话咨询商家！我们会以最快的速度进行解决！', 4, 4, 'cefff5ded07c54fbf007bc82f70db24ajpeg', '本店已加盟饿了么！', '18635731688 18434838', '11:30/14:40', NULL, 1473617, 0),
(257, '96b72c010e0ed7120fc28246f684c94cpng', '港式铁板炒饭', 0, 15, 4, '临汾市尧都区体育中街斜胡同32号', '本店优先配送饿了么 速度更快价格更优惠 这么奋斗不就为吃顿好的么 在品味美食的路上寻找爱 你只需轻轻按下手机 放松心情 躺在床上 听听音乐 美食就在路上 一份外卖满满的都是爱', 0, 0, '96b72c010e0ed7120fc28246f684c94cpng', '', '18635730200 18634731', '10:30/22:00', NULL, 157805335, 0),
(258, 'ea406ba2395f4047ff4c746a9dcfb580jpeg', '凯凯牛肉丸子面（兵站路店）', 0, 15, 4, '临汾市尧都区兵站路商业局招待所楼下', '', 0, 0, 'ea406ba2395f4047ff4c746a9dcfb580jpeg', '', '18635783141', '00:00/02:00', NULL, 156221206, 0),
(259, '3c0a4ce12151643929b974a7ce0eae2epng', '老柏面馆（建设路店）', 4.4, 15, 4, '临汾开发区建设路中骏二期44号门面', '', 4.4, 4.4, '3c0a4ce12151643929b974a7ce0eae2epng', '', '15803577788', '12:00/15:00', NULL, 155896888, 0),
(260, '3446b41b6800f62bce6d3c2b44eecceajpeg', '西安特色小吃', 5, 15, 4, '临汾市尧都区体育中街14号农机局对面', '', 5, 5, '3446b41b6800f62bce6d3c2b44eecceajpeg', '', '13293968567', '09:00/21:00', NULL, 155935663, 0),
(261, '3c0a4ce12151643929b974a7ce0eae2epng', '老柏面馆（建设路店）', 4.4, 15, 4, '临汾开发区建设路中骏二期44号门面', '', 4.4, 4.4, '3c0a4ce12151643929b974a7ce0eae2epng', '', '15803577788', '12:00/15:00', NULL, 155896888, 0),
(262, '3446b41b6800f62bce6d3c2b44eecceajpeg', '西安特色小吃', 5, 15, 4, '临汾市尧都区体育中街14号农机局对面', '', 5, 5, '3446b41b6800f62bce6d3c2b44eecceajpeg', '', '13293968567', '09:00/21:00', NULL, 155935663, 0),
(263, '3980a90e7332efaff49feac6c6f1e0c3png', '米斯特比萨（丰台苑店）', 4, 20, 4, '北京市北京经济技术开发区荣华中路7号院3号楼1009-1010号', '', 4, 4, '3980a90e7332efaff49feac6c6f1e0c3png', '', '0357-228-3336', '10:00/21:00', NULL, 1208818, 0),
(264, 'd220cbf2335f85305a3914adbf493b99jpeg', '虾伙传奇（五湖酒店）', 3.9, 0, 5, '临汾市尧都区解放路五湖酒店一层', '虾伙传奇只做高端品质\n本店有不足之处请您电联:18435730302，我们会进一步改进，可采纳之处小店订有惊喜送出\n推荐您在饿了么网上订餐，优先配送饿了么、淘宝、支付宝、苏宁网上订餐 \n为保证餐品及时到您手中，请保持电话畅通方便送餐员及时联系。', 3.9, 3.9, 'd220cbf2335f85305a3914adbf493b99jpeg', '本店已加盟饿了么网上订餐', '18435730302', '10:30/14:00', NULL, 1201557, 0),
(265, '2d2cfcadf933923585f65ebd004bab5djpeg', '麻辣斗酸辣粉', 5, 15, 4, '临汾市尧都区青狮北街购物大楼一层', '', 5, 5, '2d2cfcadf933923585f65ebd004bab5djpeg', '', '15034328177', '10:30/20:30', NULL, 156926787, 0),
(266, 'c30a8b7cfa1240aa359d56834a436d8ejpeg', '古城面馆', 4.6, 15, 4, '临汾市尧都区中大街114号', '本店推荐您在饿了么网上订餐，优先配送饿了么、淘宝、支付宝、苏宁网上订餐', 4.6, 4.6, 'c30a8b7cfa1240aa359d56834a436d8ejpeg', '本店推荐您在饿了么网上订餐，优先配送饿了么、淘宝、支付宝、苏宁网上订餐', '15034366388', '10:00/14:00', NULL, 150039894, 0),
(267, 'aba13b9add3000f61a0e6ec86c71565ejpeg', '福建千里香馄饨（水厂店）', 4.5, 15, 4, '临汾市尧都区解放西路松柏大厦104-2号门店', '本店推荐您在饿了么网上订餐，优先配送饿了么、淘宝、支付宝、苏宁网上订餐 1、为保证餐品及时到您手中，请保持电话畅通方便送餐员及时联系。 2、首次订餐用户，饿了么客服会对您的订单进行电话确认（来电区号为021） 3、外卖制作+配送都需要耗费时间，希望大家提前预订，避开用餐高峰；有特殊需求，请在订单备注填 4、如遇到菜品问题／配送问题可及时电话咨询商家！我们会以最快的速度进行解决！', 4.5, 4.5, 'aba13b9add3000f61a0e6ec86c71565ejpeg', '本店推荐您在饿了么网上订餐，优先配送饿了么、淘宝、支付宝、苏宁网上订餐', '17735721015', '09:00/22:00', NULL, 2325450, 0),
(268, '749de703dcace9b87e86ce2ae9fdb781png', '方糖咖餐厅', 4, 15, 4, '临汾市尧都区平阳中街27号', '新店开张，优惠多多！', 4, 4, '749de703dcace9b87e86ce2ae9fdb781png', '主营中西式快餐简餐、咖啡、各类饮品、甜品、桌游。本店以健康美味服务好为主旨，期待您的光临和订餐！', '18635722770', '11:00/23:00', NULL, 156577811, 0),
(269, '50f2e0466af84502470df782e5def2ecjpeg', '巨咖地带', 5, 15, 4, '临汾市尧都区鼓楼西15号临师附小2号楼东起第7间', '', 5, 5, '50f2e0466af84502470df782e5def2ecjpeg', '', '18735780925', '10:00/21:30', NULL, 156344539, 0),
(270, '89507d33844371457e0eaa4ab4b14eccjpeg', '杨明凉皮米线', 4.4, 15, 4, '临汾市尧都区平阳南街新明金市场广场北1号', '', 4.4, 4.4, '89507d33844371457e0eaa4ab4b14eccjpeg', '', '18435709937', '09:00/23:00', NULL, 1897509, 0),
(271, 'ea406ba2395f4047ff4c746a9dcfb580jpeg', '红红牛肉丸子面', 4.4, 15, 4, '临汾市尧都区体育中街农机局对面', '', 4.4, 4.4, 'ea406ba2395f4047ff4c746a9dcfb580jpeg', '', '18003577135', '09:00/22:00', NULL, 156221206, 0),
(272, '7bc0a6296db826718c0c1d54b94d900bpng', '永红牛肉丸子面', 0, 15, 4, '临汾开发区南孝社区居委会路南移动公司旁', '下单即送优惠券', 0, 0, '7bc0a6296db826718c0c1d54b94d900bpng', '价格空前的活动', '13393577221', '10:00/23:00', NULL, 153788440, 0),
(273, '8b233ed65342c8a2bb04f7cc7426caa0jpeg', '伐木累掌上披萨', 0, 0, 4, '临汾市尧都区解放路第二小学2号楼北起七号门店', '', 0, 0, '8b233ed65342c8a2bb04f7cc7426caa0jpeg', '', '15135732621', '09:00/22:00', NULL, 156478200, 0),
(274, '1b5e1ff892bc79c0c2be73df1d76aa11jpeg', '刘氏勾刀面', 5, 15, 4, '临汾开发区北孝社区居委会中心街1巷1号', '', 5, 5, '1b5e1ff892bc79c0c2be73df1d76aa11jpeg', '', '15135769216', '10:00/14:30', NULL, 155841205, 0),
(275, '51edfca9553cf003fed92fe686178379jpeg', '二龙牛肉丸子面', 4.7, 15, 4, '临汾市尧都区扁担巷小区路东16号', '本店推荐您在饿了么网上订餐，优先配送饿了么、淘宝、支付宝、苏宁网上订餐\n1、为保证餐品及时到您手中，请保持电话畅通方便送餐员及时联系。 \n2、首次订餐用户，饿了么客服会对您的订单进行电话确认（来电区号为021）\n3、外卖制作+配送都需要耗费时间，希望大家提前预订，避开用餐高峰；有', 4.7, 4.7, '51edfca9553cf003fed92fe686178379jpeg', '本店推荐您在饿了么网上订餐，优先配送饿了么、淘宝、支付宝、苏宁网上订餐\n1、为保证餐品及时到您手中，请保持电话畅通方便送餐员及时联系。 \n2、首次订餐用户，饿了么客服会对您的订单进行电话确认（来电区号为021）\n3、外卖制作+配送都需要耗费时间，希望大家提前预订，避开用餐高峰；有', '13033428410', '10:10/20:55', NULL, 1125122, 0),
(276, '4a90465ac99d694de1d69f6a960602edpng', '老潼关肉夹馍', 0, 15, 4, '临汾市尧都区财神楼何二西胡同22号', '', 0, 0, '4a90465ac99d694de1d69f6a960602edpng', '', '15135368225', '08:00/21:30', NULL, 157151321, 0),
(277, '80fbb8533be2bf466add3cc07294a441png', '重庆鸡公煲（车站西街店）', 0, 15, 4, '临汾市尧都区车站街3号', '', 0, 0, '80fbb8533be2bf466add3cc07294a441png', '', '18503579222', '10:30/21:25', NULL, 2307434, 0),
(278, '5d00043f0aa3fd1cc6ccafc0cce8ec45jpeg', '小个面馆', 0, 15, 4, '临汾市尧都区迎春北街', '', 0, 0, '5d00043f0aa3fd1cc6ccafc0cce8ec45jpeg', '', '13133170582', '09:30/21:00', NULL, 2047029, 0);
INSERT INTO `shop` (`sid`, `slogo`, `sname`, `sstar`, `sprice`, `sdeliver`, `saddress`, `snotice`, `sattitude`, `sevaluation`, `spic`, `sinfomation`, `sphone`, `shours`, `squalification`, `shopid`, `uid`) VALUES
(279, '55d85d562c2ef909a8c02beca8e2cac7jpeg', '重庆鲜瘦肉丸子包', 5, 15, 4, '临汾市尧都区东关177号', '本店推荐您在饿了么网上订餐，优先配送饿了么、淘宝、支付宝、苏宁网上订餐\n1、为保证餐品及时到您手中，请保持电话畅通方便送餐员及时联系。 \n2、首次订餐用户，饿了么客服会对您的订单进行电话确认（来电区号为021）\n3、外卖制作+配送都需要耗费时间，希望大家提前预订，避开用餐高峰；有特殊需求，请在订单备注填\n4、如遇到菜品问题／配送问题可及时电话咨询商家！我们会以最快的速度进行解决！\n5、优惠活动／特殊需求说明等（商家自行发挥）', 5, 5, '55d85d562c2ef909a8c02beca8e2cac7jpeg', '本店已加盟饿了么网上订餐平台！', '13734118133', '07:10/22:00', NULL, 1080408, 0),
(280, '4056f2f1eb3d2d421c2e150e19206f2fjpeg', '放心餐馆', 5, 15, 4, '临汾市尧都区平阳北街市建委档案馆一层北区', '', 5, 5, '4056f2f1eb3d2d421c2e150e19206f2fjpeg', '', '3189988', '11:10/14:20', NULL, 142832463, 0),
(281, 'bfdb5b9ce5c3476e9bfc100f0c2cc515jpeg', '煎饼王', 0, 15, 4, '临汾市尧都区车站街38号', '', 0, 0, 'bfdb5b9ce5c3476e9bfc100f0c2cc515jpeg', '', '13753737597', '07:00/12:00', NULL, 156913802, 0),
(282, '489afcabe81f41c7f59477dfb66cd945jpeg', '老潼关小刘肉夹馍', 4.4, 15, 4, '临汾市尧都区建设路南段13号门店', '', 4.4, 4.4, '489afcabe81f41c7f59477dfb66cd945jpeg', '', '15135786577', '07:00/22:00', NULL, 157206174, 0),
(283, '494000564f4aff8327c1acf72f41bdfejpeg', '小刘钩刀面（向阳路口店）', 0, 15, 4, '临汾市尧都区北郊乡郭家庄村第二组', '', 0, 0, '494000564f4aff8327c1acf72f41bdfejpeg', '', '13403477050', '11:00/15:00', NULL, 151770451, 0),
(284, 'd220cbf2335f85305a3914adbf493b99jpeg', '虾伙传奇（五湖酒店）', 3.9, 0, 5, '临汾市尧都区解放路五湖酒店一层', '虾伙传奇只做高端品质\n本店有不足之处请您电联:18435730302，我们会进一步改进，可采纳之处小店订有惊喜送出\n推荐您在饿了么网上订餐，优先配送饿了么、淘宝、支付宝、苏宁网上订餐 \n为保证餐品及时到您手中，请保持电话畅通方便送餐员及时联系。', 3.9, 3.9, 'd220cbf2335f85305a3914adbf493b99jpeg', '本店已加盟饿了么网上订餐', '18435730302', '10:30/14:00', NULL, 1201557, 0),
(285, 'bdb357b8c59dce026068f695575f44e8jpeg', '仙鱼传奇鱼加面馆', 0, 15, 4, '临汾市尧都区花果街路西6号', '本店推荐您在饿了么网上订餐，优先配送饿了么、淘宝、支付宝、苏宁网上订餐', 0, 0, 'bdb357b8c59dce026068f695575f44e8jpeg', '仙鱼传奇鱼加面（花果街店）香辣鲜', '13734090367', '10:50/22:30', NULL, 150009234, 0),
(286, '78d11a5d5c3982bd848e5e8a5d173a89jpeg', '四川小炒（洪家楼店）', 4.4, 15, 4, '临汾市尧都区洪家楼南街14号', '本店推荐您在饿了么网上订餐，优先配送饿了么、淘宝、支付宝、苏宁网上订餐', 4.4, 4.4, '78d11a5d5c3982bd848e5e8a5d173a89jpeg', '本店推荐您在饿了么网上订餐，优先配送饿了么、淘宝、支付宝、苏宁网上订餐', '17318247819', '09:00/21:00', NULL, 2351441, 0),
(287, 'ea406ba2395f4047ff4c746a9dcfb580jpeg', '红红牛肉丸子面', 4.4, 15, 4, '临汾市尧都区体育中街农机局对面', '', 4.4, 4.4, 'ea406ba2395f4047ff4c746a9dcfb580jpeg', '', '18003577135', '09:00/22:00', NULL, 156221206, 0),
(288, '496ff96b7979b2bcf313777e9d9fc616jpeg', '巴啦嘴肉蟹煲', 5, 15, 4, '临汾市尧都区', '本店推荐您在饿了么网上订餐，优先配送饿了么、淘宝、支付宝、苏宁网上订餐', 5, 5, '496ff96b7979b2bcf313777e9d9fc616jpeg', '本店推荐您在饿了么网上订餐，优先配送饿了么、淘宝、支付宝、苏宁网上订餐', '13111111196', '11:00/20:50', NULL, 2326440, 0),
(289, '77f9f6edaa79f0415e0e456b98722292gif', '达尔佳快餐', 4.2, 15, 4, '临汾市尧都区向阳华苑6号楼门面', '', 4.2, 4.2, '77f9f6edaa79f0415e0e456b98722292gif', '', '15035715215', '00:00/02:00', NULL, 1183326, 0),
(290, '231dfc2545b5aeb3b204d95141943ceajpeg', '汤姆之家快餐', 0, 15, 4, '临汾开发区小麦研究所往北20米', '', 0, 0, '231dfc2545b5aeb3b204d95141943ceajpeg', '', '15534753008', '09:00/21:00', NULL, 155855896, 0),
(291, '097c6ef10f187366ca1e38c7e0538cc5jpeg', '温州熟食店', 0, 20, 4, '临汾市尧都区建设路小区54号楼280号', '', 0, 0, '097c6ef10f187366ca1e38c7e0538cc5jpeg', '', '13753708227', '09:30/21:30', NULL, 142961238, 0),
(292, 'cc4eaa5d4d39568106e50e172a87967ejpeg', '兴来昌', 0, 15, 4, '临汾市尧都区鼓楼南大街32号', '', 0, 0, 'cc4eaa5d4d39568106e50e172a87967ejpeg', '', '18636777223', '09:00/21:00', NULL, 2366986, 0),
(293, '9f0358985361fb897b8610731a1af495jpeg', '谭记串串香', 0, 15, 4, '临汾市尧都区解放西路精华中学门口', '', 0, 0, '9f0358985361fb897b8610731a1af495jpeg', '', '15534753322', '11:00/21:00', NULL, 150998850, 0),
(294, 'c56e6d08eb9a236b2edc317fdff06388jpeg', '缘聚德（四季小龙虾）', 0, 15, 4, '临汾市尧都区向阳路向阳佳苑4号楼7号商铺', '', 0, 0, 'c56e6d08eb9a236b2edc317fdff06388jpeg', '', '13834172923', '10:00/22:00', NULL, 156145436, 0),
(296, '3c0a4ce12151643929b974a7ce0eae2epng', '老柏面馆（建设路店）', 4.4, 15, 4, '临汾开发区建设路中骏二期44号门面', '', 4.4, 4.4, '3c0a4ce12151643929b974a7ce0eae2epng', '', '15803577788', '12:00/15:00', NULL, 155896888, 0),
(297, '9300df0da153bb7b04b84910e0e993b3jpeg', '正宗云南过桥米线(郭家庄店)', 4.8, 10, 4, '临汾开发区向阳西路郭家庄社区居委会排房街12号', '10年老店，专注米线20年。', 4.8, 4.8, '9300df0da153bb7b04b84910e0e993b3jpeg', '', '13994799363', '09:30/21:30', NULL, 152596364, 0),
(298, '049b18ade4558281db1013e32d580070jpeg', '洪福园土菜馆', 3.5, 15, 4, '临汾市尧都区中大街', '本店推荐您在饿了么网上订餐，优先配送饿了么、淘宝、支付宝、苏宁网上订餐', 3.5, 3.5, '049b18ade4558281db1013e32d580070jpeg', '本店推荐您在饿了么网上订餐，优先配送饿了么、淘宝、支付宝、苏宁网上订餐', '13453770342', '11:30/15:00', NULL, 150039097, 0),
(299, '8194998b9041ba24853d38fbd218d41cjpeg', '剁椒鱼头面（平阳北街店）', 0, 15, 4, '临汾市尧都区平阳北街', '', 0, 0, '8194998b9041ba24853d38fbd218d41cjpeg', '', '15534783966', '11:00/14:30', NULL, 157173770, 0),
(300, '8194998b9041ba24853d38fbd218d41cjpeg', '剁椒鱼头面（平阳北街店）', 0, 15, 4, '临汾市尧都区平阳北街', '', 0, 0, '8194998b9041ba24853d38fbd218d41cjpeg', '', '15534783966', '11:00/14:30', NULL, 157173770, 0),
(301, '77d72200042e5969a1c3076517e0a6fajpeg', '韩记老潼关肉夹馍', 4.5, 15, 4, '临汾市尧都区贡院街40号楼10号门店', '', 4.5, 4.5, '77d72200042e5969a1c3076517e0a6fajpeg', '', '18335923119', '09:00/21:00', NULL, 150988371, 0),
(302, 'd29333367e59ab4d261991dad963ff00jpeg', '盖浇饭', 0, 15, 4, '临汾市尧都区五一西路银河超市美食城B1', '', 0, 0, 'd29333367e59ab4d261991dad963ff00jpeg', '', '13453796172', '10:00/20:00', NULL, 156515948, 0),
(303, 'd5f9159d6728e359c704dd939e0e275bjpeg', '晋张记烧饼店', 0, 15, 4, '临汾市尧都区五一西路师大西门实验小学对面', '', 0, 0, 'd5f9159d6728e359c704dd939e0e275bjpeg', '', '13333473321', '08:00/21:00', NULL, 155857209, 0),
(304, '5d61958d7002beb41544a491dfa1122fjpeg', '丸美厨', 5, 15, 4, '山西省临汾市尧都区洪家楼南街24号', '', 5, 5, '5d61958d7002beb41544a491dfa1122fjpeg', '', '13703554300', '11:00/15:00', NULL, 152110578, 0),
(305, 'ffed1640da884094c62b133fe06453e2jpeg', '搜璐记外送火锅', 5, 50, 0, '临汾市尧都区解放东路地建家属院18号院', '套餐免费配送电磁炉鸳鸯锅等餐具，无需准备任何物品。', 5, 5, 'ffed1640da884094c62b133fe06453e2jpeg', '用心做品牌', '2289588 13467129925', '09:00/21:00', NULL, 479741, 0),
(306, '49d89e21cf4423c2126224ee0d87e021jpeg', '张建龙早点店', 5, 15, 4, '临汾市尧都区扁担巷路东体校门房', '', 5, 5, '49d89e21cf4423c2126224ee0d87e021jpeg', '', '18635739838', '09:00/19:00', NULL, 156037086, 0),
(308, '35145c5bf522be9a815f917108d49d4bjpeg', '土城墙面馆', 0, 15, 4, '临汾市尧都区环城中路29号', '', 0, 0, '35145c5bf522be9a815f917108d49d4bjpeg', '', '18635741844', '10:00/15:00', NULL, 156031303, 0),
(309, '55b331d06bc55c2b63a4c3604c87ccf4jpeg', '炸鸡分队长', 0, 15, 4, '临汾市尧都区青狮北街南端路东G区一层楼梯口', '', 0, 0, '55b331d06bc55c2b63a4c3604c87ccf4jpeg', '', '13467100100', '10:00/21:00', NULL, 2369341, 0),
(310, '71bb31b5a6c85e8fbfd06994bd7275d7png', '鑫鑫牛肉丸子面', 5, 15, 4, '临汾开发区坂下社区居委会鼓楼北大街坂下菜市场口对面', '选好料、好味道', 5, 5, '71bb31b5a6c85e8fbfd06994bd7275d7png', '从业十多年，被誉为卫生，健康，放心：特色小吃', '15203571168', '09:30/21:00', NULL, 2087731, 0),
(311, '29d204ec9506f9c412e1d5f2b3026653jpeg', '湖北鱼米香特色菜', 0, 15, 4, '临汾市尧都区西关北园中大街路东115号', '本店推荐您在饿了么网上订餐，优先配送饿了么、淘宝、支付宝、苏宁网上订餐', 0, 0, '29d204ec9506f9c412e1d5f2b3026653jpeg', '本店推荐您在饿了么网上订餐，优先配送饿了么、淘宝、支付宝、苏宁网上订餐', '18703472099', '10:30/14:30', NULL, 150040016, 0),
(312, 'f355c6e506e2065866054d59a12421eajpeg', '意必客·意式休闲餐厅（嗨啤鸽味）', 0, 20, 5, '临汾市尧都区滨河东路廉政广场北', '本店推荐您在饿了么网上订餐，优先配送饿了么、淘宝、支付宝、苏宁网上订餐\n\n1、为保证餐品及时到您手中，请保持电话畅通方便送餐员及时联系。\n\n2、首次订餐用户，饿了么客服会对您的订单进行电话确认（来电区号为021）\n\n3、外卖制作+配送都需要耗费时间，希望大家提前预订，避开用餐高峰；有特殊需求，请在订单备注填\n\n4、如遇到菜品问题／配送问题可及时电话咨询商家！我们会以最快的速度进行解决！', 0, 0, 'f355c6e506e2065866054d59a12421eajpeg', '本店推荐您在饿了么网上订餐，优先配送饿了么、淘宝、支付宝、苏宁网上订餐\n\n1、为保证餐品及时到您手中，请保持电话畅通方便送餐员及时联系。\n\n2、首次订餐用户，饿了么客服会对您的订单进行电话确认（来电区号为021）\n\n3、外卖制作+配送都需要耗费时间，希望大家提前预订，避开用餐高峰；有特殊需求，请在订单备注填\n\n4、如遇到菜品问题／配送问题可及时电话咨询商家！我们会以最快的速度进行解决！', '13835781344', '10:00/21:00', NULL, 1452616, 0),
(313, 'eec9c8787c65fb6dab3ff7e783fc41f3png', '水滴石西餐厅', 4.4, 15, 3, '临汾市尧都区向阳东路32号', '', 4.4, 4.4, 'eec9c8787c65fb6dab3ff7e783fc41f3png', '', '03573985888', '10:00/21:00', NULL, 1820525, 0),
(314, '5a29aa7a6db056d65b6b81a00e39eaf6jpeg', '重庆烤全鱼', 4.4, 50, 5, '尧都区南外环亢家庄', '', 4.4, 4.4, '5a29aa7a6db056d65b6b81a00e39eaf6jpeg', '', '18735710991', '10:00/21:00', NULL, 150089174, 0),
(315, 'df4677856c4b884859fd6aed5af3c66djpeg', '重庆特色小吃（水塔一巷店）', 0, 15, 4, '临汾市尧都区水塔一巷', '未填写注早上十点以后才有盖饭', 0, 0, 'df4677856c4b884859fd6aed5af3c66djpeg', '包子盖饭，炒菜混炒汤，样样都有！', '18103572909', '08:00/23:00', NULL, 157205951, 0),
(316, '62e0db966d571448174a716ea1f82b46png', '鸭鲜之熟食店', 0, 20, 3, '山西省临汾市尧都区青狮北街口路东1号', '', 0, 0, '62e0db966d571448174a716ea1f82b46png', '', '18734783875 18834202', '10:00/21:00', NULL, 150076504, 0),
(317, '29de57d16281ab6020ab2f42f569e4a6png', '小旋风时尚中餐', 4.4, 30, 3, '临汾市尧都区尧庙镇西赵北十巷十号北第四家', '为了可以给广大新老顾客跟好的服务，更新的体验，现在店铺进行为期三天的翻新整顿，希望新老顾客谅解。', 4.4, 4.4, '29de57d16281ab6020ab2f42f569e4a6png', '', '13734085215', '00:00/21:00', NULL, 156567688, 0),
(318, '5178164bad4215e4406f00060941f7b6jpeg', '小丸子寿司', 0, 15, 3, '临汾市尧都区尧庙镇西赵村北十巷东14号', '', 0, 0, '5178164bad4215e4406f00060941f7b6jpeg', '', '18434070214', '10:00/21:00', NULL, 142857106, 0),
(319, '198ff7adee846a0c88a8d6c74c7ccb27jpeg', '小贝壳海鲜餐厅', 0, 50, 5, '临汾市尧都区刘村镇滨西佳园', '本店推荐您在饿了么网上订餐，优先配送饿了么、淘宝、支付宝、苏宁网上订餐', 0, 0, '198ff7adee846a0c88a8d6c74c7ccb27jpeg', '本店推荐您在饿了么网上订餐，优先配送饿了么、淘宝、支付宝、苏宁网上订餐', '18603572264', '10:00/21:00', NULL, 150090466, 0),
(320, 'cf9cafa41b7fa51251c95e2209c624a6jpeg', '五福西点（师大店）', 5, 25, 3, '临汾市尧都区五一西路师大西门', '本店推荐您在饿了么网上订餐，优先配送饿了么订单！1、为保证餐品及时到您手中，请保持电话畅通方便送餐员及时联系。 2、首次订餐用户，饿了么客服会对您的订单进行电话确认（来电区号为021）3、外卖制作+配送都需要耗费时间，希望大家提前预订，避开用餐高峰；有特殊需求，请在订单备注填4、如遇到菜品问题／配送问题可及时电话咨询商家！我们会以最快的速度进行解决！', 5, 5, 'cf9cafa41b7fa51251c95e2209c624a6jpeg', '本店推荐您在饿了么网上订餐，优先配送饿了么订单！1、为保证餐品及时到您手中，请保持电话畅通方便送餐员及时联系。 2、首次订餐用户，饿了么客服会对您的订单进行电话确认（来电区号为021）3、外卖制作+配送都需要耗费时间，希望大家提前预订，避开用餐高峰；有特殊需求，请在订单备注填4、如遇到菜品问题／配送问题可及时电话咨询商家！我们会以最快的速度进行解决！', '18235745643', '08:00/21:30', NULL, 142927886, 0),
(321, '1e7275c6e484784954e4eb0144acee57jpeg', '鑫恒润超市', 4.9, 15, 4, '临汾市尧都区平阳南街祥和大厦一层', '本店经营副食饮料冷饮文具办公用品等，有需要买烟的可以打电话叫骑手捎烟。还有需要其他生活用品的顾客可以来电咨询。电话13994796445', 4.9, 4.9, '1e7275c6e484784954e4eb0144acee57jpeg', '批发零售超市', '13994796445 15803571', '07:00/02:00', NULL, 155842505, 0),
(322, '55bf67cc9c994d2b8ddbd4b580e013aepng', '快乐柠檬（临汾生龙时尚广场店）', 4.5, 15, 3, '临汾市尧都区生龙国际时尚广场八层107号', '', 4.5, 4.5, '55bf67cc9c994d2b8ddbd4b580e013aepng', '', '03578608881', '10:00/21:00', NULL, 2311392, 0),
(324, '815eb5df9fc8225f70bd45a1d601646bpng', '正新鸡排（解放西路店）', 5, 15, 4, '临汾市尧都区安宇花苑E区5号楼1单元西门店', '本店新开张，欢迎品尝~', 5, 5, '815eb5df9fc8225f70bd45a1d601646bpng', '定外卖上饿了么~', '18536716206', '10:00/22:00', NULL, 157158745, 0),
(325, '53af7ef20c0a95674bc719470faf2a47jpeg', 'DQ(临汾新安达圣店)', 5, 15, 3, '临汾市尧都区向阳路29号安达圣新天地商场', '', 5, 5, '53af7ef20c0a95674bc719470faf2a47jpeg', 'DQ(临汾新安达圣店)', '4001088870', '10:00/20:30', NULL, 150129627, 0),
(326, '0d630a4a418f6a56a10e3b0fd748a74fjpeg', '诚信志远果业（科委巷店）', 5, 15, 4, '临汾市尧都区科委巷北口', '', 5, 5, '0d630a4a418f6a56a10e3b0fd748a74fjpeg', '', '15534722622', '08:00/22:50', NULL, 141559706, 0),
(327, '886ca7c1324554e8bab20271c8b82d7dpng', '小卖铺进口食品科委巷店', 4.9, 15, 4, '临汾市尧都区科委巷18号', '', 4.9, 4.9, '886ca7c1324554e8bab20271c8b82d7dpng', '', '18636775898', '09:00/21:00', NULL, 1345817, 0),
(328, 'f5f78fba67afb0a3536e785bca0ec58bjpeg', '泰芒了', 4.7, 15, 4, '临汾市尧都区贡院街17号楼153号门店', '', 4.7, 4.7, 'f5f78fba67afb0a3536e785bca0ec58bjpeg', '', '13935720095', '10:00/21:00', NULL, 154474197, 0),
(329, '2679765b88b6e88d93f8f6943cea20d8jpeg', '土鸡蛋', 5, 15, 4, '临汾开发区南孝社区北外环环城西巷2排2号', '', 5, 5, '2679765b88b6e88d93f8f6943cea20d8jpeg', '', '13393573808', '07:00/21:00', NULL, 157946149, 0),
(330, '3c4d09787cea774340c1a0668a823bb0jpeg', '顶好蛋糕店', 0, 15, 4, '临汾市尧都区体育北街路西', '', 0, 0, '3c4d09787cea774340c1a0668a823bb0jpeg', '', '13835785407', '10:35/20:35', NULL, 1032935, 0),
(331, '6f174361cc55e66671638541084abcd3png', '缤果时纷千层鲜果蛋糕', 5, 15, 4, '临汾市尧都区扁担巷路东15号楼109室', '', 5, 5, '6f174361cc55e66671638541084abcd3png', '', '15534703444', '08:30/22:00', NULL, 157730275, 0),
(332, '2ee0fe6c608da41141170eb057751066jpeg', '利民超市', 0, 15, 4, '临汾市尧都区钟楼巷', '', 0, 0, '2ee0fe6c608da41141170eb057751066jpeg', '', '15835704323', '08:00/22:00', NULL, 156033344, 0),
(333, '395fcda5dc027d7f9122663b7d989061png', '吾饮良品', 4.4, 15, 4, '临汾市尧都区鼓楼广场步行街8号', '', 4.4, 4.4, '395fcda5dc027d7f9122663b7d989061png', '', '13734082979 17634100', '10:00/22:00', NULL, 157098425, 0),
(334, '4a9dd0d29ba8067efa88127e7c07687ajpeg', '鲜果时间（临汾生龙国际店）', 5, 15, 4, '临汾市尧都区生龙国际时尚广场八层106A', '', 5, 5, '4a9dd0d29ba8067efa88127e7c07687ajpeg', '', '18035188406', '09:30/20:30', NULL, 2169132, 0),
(335, 'a3fa6e0933e8ab1477f516e7affba1a6jpeg', '溢优轹古', 5, 15, 4, '临汾市尧都区生龙国际悠购天地负一层039号', '临汾首家生巧，黑松露专营店，给你超凡的巧克力丝滑体验。\n店内高颜值饮品比比皆是，刷爆临汾本地朋友圈。\n微博互动活动转发与阅读量超越同行业任何一家店，冰冰乐与多种莫吉托饮品更是到手忍不住拍照的高点单高上镜商品。\n\n溢优轹古\n松露生巧 临汾最Diao', 5, 5, 'a3fa6e0933e8ab1477f516e7affba1a6jpeg', '颜值高，味道正\n简单而又粗暴\n你喜欢不？\n', '15535712666', '09:30/22:00', NULL, 155965876, 0),
(336, '91144aac6af2bd71bfbc500ad78051fajpeg', '安妮烘焙', 4.6, 15, 4, '临汾市尧都区建设路2号', '', 4.6, 4.6, '91144aac6af2bd71bfbc500ad78051fajpeg', '', '18434856924', '08:40/22:30', NULL, 155828864, 0),
(337, '0e416b74a2285eff3476d814e471f0dfjpeg', '香啤堂自酿鲜啤酒', 0, 15, 4, '临汾市尧都区东大街东关花园东区2号楼下21号', '', 0, 0, '0e416b74a2285eff3476d814e471f0dfjpeg', '', '13038025565', '10:00/22:00', NULL, 155883825, 0),
(338, 'edbf4a36677de20fc2c129db2c58a917jpeg', 'HeiYu黑玉饮品', 0, 0, 4, '临汾市尧都区财神楼北街168号门店', '', 0, 0, 'edbf4a36677de20fc2c129db2c58a917jpeg', '', '15834198846', '10:00/22:40', NULL, 155602426, 0),
(339, '0d1d4fa50ae0e828db4c1ec9cdf8ce30jpeg', '顶好蛋糕六中店', 4.7, 15, 4, '临汾市尧都区迎春节万家福超市对面', '本店推荐您在饿了么网上订餐，优先配送饿了么订单！1、为保证餐品及时到您手中，请保持电话畅通方便送餐员及时联系。 2、首次订餐用户，饿了么客服会对您的订单进行电话确认（来电区号为021）3、外卖制作+配送都需要耗费时间，希望大家提前预订，避开用餐高峰；有特殊需求，请在订单备注填4、如遇到菜品问题／配送问题可及时电话咨询商家！我们会以最快的速度进行解决！', 4.7, 4.7, '0d1d4fa50ae0e828db4c1ec9cdf8ce30jpeg', '本店推荐您在饿了么网上订餐，优先配送饿了么、淘宝、支付宝、苏宁网上订餐', '13111114651 15135785921', '09:05/21:00', NULL, 1183482, 0),
(340, 'fed0eab5981f72936a89fce879e2b890png', '优滋良果', 5, 15, 4, '临汾市尧都区建设路小区25号楼161号门店', '', 5, 5, 'fed0eab5981f72936a89fce879e2b890png', '', '18636766700', '08:00/22:00', NULL, 157128139, 0),
(341, '5d4dabb71f985a207da6574ce9e91355jpeg', 'DF冰淇淋（生龙店）', 4.5, 15, 4, '临汾市尧都区生龙国际八层101号', '', 4.5, 4.5, '5d4dabb71f985a207da6574ce9e91355jpeg', '', '13015323192', '10:00/21:00', NULL, 150970061, 0),
(342, '82e6faf45825beab2bc6abe39e16ae42jpeg', '提拉米苏艺术蛋糕（建设路店）', 0, 15, 4, '临汾市尧都区建设路6#楼88号门面', '', 0, 0, '82e6faf45825beab2bc6abe39e16ae42jpeg', '', '18636750393', '07:00/23:00', NULL, 157082199, 0),
(343, '7298aae3e309c72323d55c6b629bf0d6png', '嘿·茶', 4.6, 15, 4, '临汾市尧都区财神楼中街路西北口', '嘿·茶。专研·厚芝士原叶茶', 4.6, 4.6, '7298aae3e309c72323d55c6b629bf0d6png', '', '18636796588', '10:00/21:00', NULL, 2256571, 0),
(344, 'ddf472761286aac2c05dc2bce686f660jpeg', '黑洪堂', 3.5, 15, 4, '临汾市尧都区贡院街15号楼115号门面', '黑洪堂茶饮临汾师院店欢迎您！\n我们的奶茶以真茶入奶，现场调制，绿色健康！\n欢迎您的品尝！', 3.5, 3.5, 'ddf472761286aac2c05dc2bce686f660jpeg', '', '18335757565', '09:15/21:30', NULL, 2323059, 0),
(345, '49dfc128597469134560ed4f396b9eb6png', '蜜雪冰城（六中店）', 4.4, 15, 4, '临汾市尧都区迎春中街六中北5号门店', '', 4.4, 4.4, '49dfc128597469134560ed4f396b9eb6png', '', '18835789819 13303579657', '09:30/21:00', NULL, 141558994, 0),
(346, '09ae902edee7cfad640986ee3098f8a7png', '瑞可爷爷的店', 4.4, 20, 3, '临汾市尧都区贡院街13号楼101室门面', '本店推荐您在饿了么网上订餐，优先配送饿了么、淘宝、支付宝、苏宁网上订餐', 4.4, 4.4, '09ae902edee7cfad640986ee3098f8a7png', '本店推荐您在饿了么网上订餐，优先配送饿了么、淘宝、支付宝、苏宁网上订餐', '18635767065', '09:00/21:00', NULL, 150074802, 0),
(347, 'fd7b6d2c2e51359a79bfccb4cb2cfa39jpeg', 'V度极品味', 4.4, 15, 4, '临汾市尧都区贡院街20号楼门店202号', '', 4.4, 4.4, 'fd7b6d2c2e51359a79bfccb4cb2cfa39jpeg', '', '13327477116', '10:00/21:00', NULL, 1030443, 0),
(348, '1e7275c6e484784954e4eb0144acee57jpeg', '中石化易捷便利（鼓楼北店）', 0, 15, 4, '临汾市尧都区鼓楼北街111号', '易捷便利', 0, 0, '1e7275c6e484784954e4eb0144acee57jpeg', '饿了就要饿了么', '13903578650', '10:00/22:00', NULL, 155842505, 0),
(350, '1cf0b1bb927dc52bb197bd4f69b02762png', '裕康大药房', 4.4, 15, 4, '临汾市尧都区科委巷二校门口', '裕康大药房快急送', 4.4, 4.4, '1cf0b1bb927dc52bb197bd4f69b02762png', '我店位于科委巷解放二校门口，主要经营中成药，西药，保健品，医疗器械等，医保定点单位，本着诚信经营，努力为大家提供更优质的服务！', '18734761252', '09:00/21:35', NULL, 150063166, 0),
(351, 'e1f1a63b5b3f0c4e2eccce9c20f3496bjpeg', '梦想蛋糕外送', 4.4, 35, 3, '临汾市尧都区扁担巷路西小区9号楼103室', '本店推荐您在饿了么网上订餐，优先配送饿了么、淘宝、支付宝、苏宁网上订餐', 4.4, 4.4, 'e1f1a63b5b3f0c4e2eccce9c20f3496bjpeg', '本店推荐您在饿了么网上订餐，优先配送饿了么、淘宝、支付宝、苏宁网上订餐', '13111115599', '09:30/21:00', NULL, 1183516, 0),
(352, '2ee0fe6c608da41141170eb057751066jpeg', '霞伟批发', 0, 15, 4, '临汾市尧都区秦蜀路印染巷', '', 0, 0, '2ee0fe6c608da41141170eb057751066jpeg', '', '15582361118', '10:00/22:00', NULL, 156033344, 0),
(353, '91a072b20f270460eb2c44c792f4071ejpeg', '伊利冷饮配送部', 4.4, 50, 0, '临汾市尧都区贡院东街南道街1号', '', 4.4, 4.4, '91a072b20f270460eb2c44c792f4071ejpeg', '', '15934563419', '09:00/21:00', NULL, 152294298, 0),
(354, '90ab2bc6d9246f4cf85259c20d842149jpeg', '吉美味西点面包房', 0, 15, 4, '临汾市尧都区安宇花苑B区燕儿巷东侧北6号', '本店推荐您在饿了么网上订餐，优先配送饿了么、淘宝、支付宝、苏宁网上订餐 1、为保证餐品及时到您手中，请保持电话畅通方便送餐员及时联系。 2、首次订餐用户，饿了么客服会对您的订单进行电话确认（来电区号为021） 3、外卖制作+配送都需要耗费时间，希望大家提前预订，避开用餐高峰；有特殊需求，请在订单备注填 4、如遇到菜品问题／配送问题可及时电话咨询商家！我们会以最快的速度进行解决！', 0, 0, '90ab2bc6d9246f4cf85259c20d842149jpeg', '本店推荐您在饿了么网上订餐，优先配送饿了么、淘宝、支付宝、苏宁网上订餐', '18503578820', '09:00/20:30', NULL, 2317575, 0),
(355, 'a1b2d4a511a26530f36b7eb51bfdfe9bjpeg', '上品鲜花蛋糕 临汾店', 0, 0, 0, '迎春北街(火车站南200米路西', '', 0, 0, 'a1b2d4a511a26530f36b7eb51bfdfe9bjpeg', '鲜花和蛋糕属于纯手工制作，有季节性限制尤其是节日有些配花配草或者包装纸丝带有可能就用完了，没有一样的，所以做出来的实物是不能保证和网上图片完全一样的。只能是大体上差不多我们能保证的是花一定新鲜尽量给你包装的好看。因为是生鲜食品一旦制作没有质量问题不支持退款。请买家下单前一定考虑好', '15071354855', '07:00/21:00', NULL, 858121, 0),
(356, '320f382b5cb4b560b73ce396bae5132ajpeg', '爱尚尔鲜花蛋糕坊', 0, 0, 0, '解放路55号', '', 0, 0, '320f382b5cb4b560b73ce396bae5132ajpeg', '爱尚尔鲜花蛋糕坊主营：鲜花和蛋糕。', '17091956976', '10:00/21:55', NULL, 877433, 0),
(357, '1ea5fcfea17d8e736a197bbb45c866c0png', '百盛日化用品店', 0, 30, 3, '临汾市尧都区财神楼中街路西17号', '', 0, 0, '1ea5fcfea17d8e736a197bbb45c866c0png', '', '13453650079', '10:00/22:00', NULL, 157070669, 0),
(358, 'f3174cf29a1f6e41dee4a60d3b1d6b3bjpeg', '格格鲜花蛋糕坊临汾分店 ', 4.4, 0, 0, '山西省临汾市尧都区鼓楼北大街2号', '', 4.4, 4.4, 'f3174cf29a1f6e41dee4a60d3b1d6b3bjpeg', '格格鲜花蛋糕坊主营：鲜花、卡通花束及蛋糕等产品。', '13859226266', '07:00/22:30', NULL, 873239, 0),
(359, '665dfb9efe863892438dc3fce10cb64epng', '冉宝宝馋嘴屋', 5, 50, 2, '临汾市尧都区贡院街29号楼2单元201', '', 5, 5, '665dfb9efe863892438dc3fce10cb64epng', '', '15235742221', '09:00/21:00', NULL, 156741460, 0),
(360, 'e1356cff8ac8281b55a23f6d9716923fjpeg', '喜丽丽真蛋糕房', 0, 50, 0, '临汾市尧都区扁担巷路东10号楼109-110室', '', 0, 0, 'e1356cff8ac8281b55a23f6d9716923fjpeg', '', '13467136734', '09:30/20:30', NULL, 1252604, 0),
(361, '8079c46a8778fd59483848773b7aaec9jpeg', '悠悠周末食品超市', 5, 15, 4, '临汾市尧都区平阳中街3号', '本店推荐您在饿了么网上订餐，优先配送饿了么订单！1、为保证餐品及时到您手中，请保持电话畅通方便送餐员及时联系。 2、首次订餐用户，饿了么客服会对您的订单进行电话确认（来电区号为021）3、外卖制作+配送都需要耗费时间，希望大家提前预订，避开用餐高峰；有特殊需求，请在订单备注填4、如遇到菜品问题／配送问题可及时电话咨询商家！我们会以最快的速度进行解决！', 5, 5, '8079c46a8778fd59483848773b7aaec9jpeg', '主营各类零食，进口食品，进口日化，各类代购。店内来自世界各地两千多种商品。欢迎大家前来品尝。', '13080375678', '10:00/21:00', NULL, 1252657, 0),
(362, '6b4e27502d9362e24d755beb703c86a3jpeg', '吉米屋台式便当', 4, 15, 4, '临汾市尧都区煤化巷13号楼103号', '', 4, 4, '6b4e27502d9362e24d755beb703c86a3jpeg', '', '18635738810', '10:30/14:15', NULL, 156380222, 0),
(363, 'c5903a1e3308aa6617b5feba2b6e067ajpeg', '婆婆神羊汤', 5, 15, 4, '临汾市尧都区体育街市场', '本店推荐您在饿了么网上订餐，优先配送饿了么、淘宝、支付宝、苏宁网上订餐', 5, 5, 'c5903a1e3308aa6617b5feba2b6e067ajpeg', '本店推荐您在饿了么网上订餐，优先配送饿了么、淘宝、支付宝、苏宁网上订餐', '13203576728', '09:00/21:00', NULL, 150079778, 0),
(364, '05b6db148ee5965b365ed357d49143bdpng', '饭急送（师大店）极速送达（学）', 4.5, 15, 4, '临汾市尧都区信合西路A区8号楼9号门店', '1.本店使用饿了么网上订餐，优先配送！ \n2.提前40分钟预定，用餐更及时！ \n3. 意见反馈、开店申请全国客服电话：10105757。', 4.5, 4.5, '05b6db148ee5965b365ed357d49143bdpng', '本店优先配送饿了么网上订单', '03577188156', '09:00/21:00', NULL, 307201, 0),
(365, 'd5e1ad1e6ed4df3408d776847ea3192fpng', '胖哥俩肉蟹煲', 4.4, 15, 4, '临汾市尧都区解放西路33号生龙国际时尚广场八层F8-005号', '', 4.4, 4.4, 'd5e1ad1e6ed4df3408d776847ea3192fpng', '', '03578353333', '11:30/14:00', NULL, 145336440, 0),
(366, '2d448f81b6ad308cafd7c140cccaa299png', '外卖专家（师大店）', 4.9, 20, 2, '临汾市尧都区信合西路A区8号楼9号门店', '外卖专家服务，餐品，质量，餐盒，口味都已改版大升级，为了回馈新老客户下单送绿茶，实付满20赠油炸火腿肠一根，满50送便携式时尚水杯一个。尽管我们一直在努力但是如过您有更好的建议和意见希望大家及时指评，我们一定及时纠正。欢迎大家下单！！！', 4.9, 4.9, '2d448f81b6ad308cafd7c140cccaa299png', '下单即送饮料！本店优先配送饿了么网上订餐！外卖专家是临汾规模最大、最为专业的中餐外卖。以迅捷的送餐速度、高品质的饭菜质量、热情周到的服务态度，广受好评！外卖专家严选优质的原材料，饭盒均采用环保且健康的一次性环保餐盒，让美味和快捷都属于您，无论严寒酷暑风里雨里我们一直坚持，只因爱您', '18534168901 13008023434', '10:00/21:00', NULL, 216255, 0),
(367, '01cb2e73a231d3b45e78b18ff286c210png', '兄弟麻辣拌（科委巷店）', 4.9, 15, 4, '临汾市尧都区解放东路地建家属院18号院', '本店已加盟饿了么网上订餐平台', 4.9, 4.9, '01cb2e73a231d3b45e78b18ff286c210png', '本店优先配送饿了么网上订单', '13513654545 15935763527', '10:00/21:00', NULL, 490528, 0),
(368, '8ff1f046769b5a0a672d0cb98af0591djpeg', '水厂烧烤海鲜春卷铁板烧(水厂烧烤海鲜春卷铁板烧)', 4.6, 15, 4, '临汾市尧都区世纪百悦旁', '最近店铺有新菜上架，欢迎光临', 4.6, 4.6, '8ff1f046769b5a0a672d0cb98af0591djpeg', '谢谢大家对店铺的大力支持，喜欢的亲们晚上过来吧，营业时间改为17:30--02:00', '03572121777', '00:00/02:00', NULL, 1853091, 0),
(370, 'b6ce8cd56c752b09523df232a068f6efpng', '老四川特色', 5, 15, 4, '临汾市尧都区体育北街路东心脑医院对面', '老四川特色体育北街第一家，正宗豆花鱼、水煮鱼，特色川菜的二十年老店，物美价廉，希望新老顾客前来品尝！做鱼做出特色的就是这里！桌桌有鱼的是这里，欢迎品尝。', 5, 5, 'b6ce8cd56c752b09523df232a068f6efpng', '', '15935772778', '10:30/14:30', NULL, 156740394, 0),
(371, 'bf84780318c654c1707d374722a38ac2jpeg', '鸣洞鸡排', 4.7, 15, 4, '临汾开发区建设路237号', '', 4.7, 4.7, 'bf84780318c654c1707d374722a38ac2jpeg', '', '13096622823 13133471210', '09:30/22:00', NULL, 156241911, 0),
(372, '80cedda0366940f91a5f9d756be4757apng', '张吉记砂锅饭', 4.5, 15, 4, '临汾市尧都区扁担巷路东游泳馆门面房', '', 4.5, 4.5, '80cedda0366940f91a5f9d756be4757apng', '麻辣鲜香，留住你的胃，想吃你就来，千万别错过哦……张吉记砂锅饭欢迎你的光临', '13203474896', '09:30/22:00', NULL, 156471154, 0),
(373, 'eff8506083c029982bd3e32e1bdf5638jpeg', '伐木累铁板烧', 5, 15, 4, '临汾市尧都区五一西路C区1号楼18号', '忌口请说明，无忌口说明出品以微辣为主，串类请单点餐盒', 5, 5, 'eff8506083c029982bd3e32e1bdf5638jpeg', '', '18604525685', '11:00/23:55', NULL, 156200929, 0),
(374, 'ed52894ea887cff71561ba72132e47e7jpeg', '张家面馆（烧烤）', 4.1, 15, 4, '临汾市尧都区车站西街', '', 4.1, 4.1, 'ed52894ea887cff71561ba72132e47e7jpeg', '', '17835072598', '09:00/22:40', NULL, 156037740, 0),
(375, 'fbb06bc659f6353fc7b27ee89b0ecf21jpeg', '金三顺寿司（脆皮鸡排饭）', 4.6, 15, 4, '临汾开发区向阳西路家福乐超市负一层第二档口', '欢迎新老朋友光顾小店，本店优惠多多，期待您的下单！一次不买是您的错，只买一次是我的错！', 4.6, 4.6, 'fbb06bc659f6353fc7b27ee89b0ecf21jpeg', '', '13934682077', '10:30/20:10', NULL, 2237013, 0),
(376, '98e9fd8c8bb52de9b75b88079423c9cdjpeg', '重庆鸡公煲（八中店）', 3.5, 15, 4, '临汾市尧都区向阳路八中门口', '本店推荐您在饿了么网上订餐，优先配送饿了么订单！1、为保证餐品及时到您手中，请保持电话畅通方便送餐员及时联系。 2、首次订餐用户，饿了么客服会对您的订单进行电话确认（来电区号为021）3、外卖制作+配送都需要耗费时间，希望大家提前预订，避开用餐高峰；有特殊需求，请在订单备注填', 3.5, 3.5, '98e9fd8c8bb52de9b75b88079423c9cdjpeg', '本店推荐您在饿了么网上订餐，优先配送饿了么、淘宝、支付宝、苏宁网上订餐', '15934570009', '10:55/22:00', NULL, 1063879, 0),
(377, 'fec35ba09dbc9490a64aad51afc506e3jpeg', '米汤馍馍菜（向阳路店）', 4.4, 15, 4, '临汾市尧都区向阳路16号院5号楼1层大门西', '', 4.4, 4.4, 'fec35ba09dbc9490a64aad51afc506e3jpeg', '', '15135731197', '00:00/24:00', NULL, 145300834, 0),
(378, 'b87b4de7fe0237df9b7056ca0bad24bbjpeg', '铁锅焖面拌饭向阳路店', 4.7, 15, 4, '临汾市尧都区向阳路水车巷', '', 4.7, 4.7, 'b87b4de7fe0237df9b7056ca0bad24bbjpeg', '', '18435755048', '09:30/23:55', NULL, 155680193, 0),
(379, '0161a144d861e8a6320b19ebd03d6372jpeg', '砂锅剪刀面（向阳西路家福乐店）', 5, 0, 4, '临汾开发区向阳西路家福乐生活广场负一层东第一家', '', 5, 5, '0161a144d861e8a6320b19ebd03d6372jpeg', '', '13753718256', '10:00/20:00', NULL, 157465302, 0),
(380, 'f9d46fb6f88c840376db9adedd26723fjpeg', '麦可瑞章鱼烧生龙店', 4.4, 15, 4, '临汾市尧都区生龙国际时尚广场负一层212号', '', 4.4, 4.4, 'f9d46fb6f88c840376db9adedd26723fjpeg', '', '15034366655', '10:00/20:35', NULL, 1772859, 0),
(381, '6c49489361f7f6a1b3ee9a66b8c69764png', '披萨说炒酸奶真的会跳舞哟店', 4.4, 0, 4, '临汾市尧都区迎春街11号', '', 4.4, 4.4, '6c49489361f7f6a1b3ee9a66b8c69764png', '披萨分两种，最主要的区别在于饼底不同。一种快餐，一种纯手工披萨，相比前者，后者虽然繁琐，但味道却更胜一筹。无任何化学食品添加剂的动e冻炒酸奶，更是健康零食美味首选，味道不会让你失望！', '13152979369', '13:00/20:00', NULL, 157020318, 0),
(382, '550ad673ea8ba77d601e24e691ff2967jpeg', '古晋面馆', 4.4, 15, 4, '临汾市尧都区鼓楼西大街彩虹桥东头路南', '本店推荐您在饿了么网上订餐，优先配送饿了么、淘宝、支付宝、苏宁网上订餐', 4.4, 4.4, '550ad673ea8ba77d601e24e691ff2967jpeg', '本店推荐您在饿了么网上订餐，优先配送饿了么、淘宝、支付宝、苏宁网上订餐', '18636730149', '09:30/14:00', NULL, 2278911, 0),
(383, '775493bf8d8be64bb558b3a401028f31png', '白云亮牛肉丸子面', 5, 15, 4, '临汾市尧都区贡院街15号楼139号', '本店推荐您在饿了么网上订餐，优先配送饿了么、淘宝、支付宝、苏宁网上订餐', 5, 5, '775493bf8d8be64bb558b3a401028f31png', '本店推荐您在饿了么网上订餐，优先配送饿了么、淘宝、支付宝、苏宁网上订餐', '17735725959', '00:00/01:50', NULL, 2077701, 0),
(384, '39adc428697f4d4e529addd06fccdde6jpeg', '潮流土豆粉', 4.4, 15, 4, '临汾市尧都区信合西路C区5号楼二层', '', 4.4, 4.4, '39adc428697f4d4e529addd06fccdde6jpeg', '', '13720997150', '10:00/22:00', NULL, 157440771, 0),
(385, 'b9cb06b784834b95b71bb23b6a3e4429jpeg', '也萍肉浇面', 5, 15, 4, '临汾市尧都区向阳路1号', '本店推荐您在饿了么网上订餐，优先配送饿了么、淘宝、支付宝、苏宁网上订餐', 5, 5, 'b9cb06b784834b95b71bb23b6a3e4429jpeg', '本店推荐您在饿了么网上订餐，优先配送饿了么、淘宝、支付宝、苏宁网上订餐', '18035707088 13935777925', '09:00/15:00', NULL, 2378781, 0),
(386, '3199f87d276a7c42660c02ac23ce9931jpeg', '安仔包子铺', 4.4, 15, 4, '临汾市尧都区科委巷实验幼儿园南侧3号', '本店推荐您在饿了么网上订餐，优先配送饿了么、淘宝、支付宝、苏宁网上订餐\n1、为保证餐品及时到您手中，请保持电话畅通方便送餐员及时联系。 \n2、首次订餐用户，饿了么客服会对您的订单进行电话确认（来电区号为021）\n3、外卖制作+配送都需要耗费时间，希望大家提前预订，避开用餐高峰；有特殊需求，请在订单备注填\n4、如遇到菜品问题／配送问题可及时电话咨询商家！我们会以最快的速度进行解决！', 4.4, 4.4, '3199f87d276a7c42660c02ac23ce9931jpeg', '本店推荐您在饿了么网上订餐，优先配送饿了么、淘宝、支付宝、苏宁网上订餐', '18649361815', '09:00/20:30', NULL, 1039377, 0),
(387, '81f9c1ab4a65fbdfef9130ca538a0049png', '九九鸭脖（兵站路店）', 4.4, 15, 4, '临汾市尧都区兵站路15号', '让顾客满意是我们的承诺！兵站路店', 4.4, 4.4, '81f9c1ab4a65fbdfef9130ca538a0049png', '本店推荐您在饿了么网上订餐，优先配送饿了么、淘宝、支付宝、苏宁网上订餐', '15935795871', '00:00/02:00', NULL, 2350191, 0),
(388, 'e1b76d33c51bbf28b6ac7fe7bf3e7f97png', '好滋味菜菜煎饼', 5, 15, 4, '临汾市尧都区建设路23#楼143号门店', '', 5, 5, 'e1b76d33c51bbf28b6ac7fe7bf3e7f97png', '', '15135798066', '09:00/21:00', NULL, 151716266, 0),
(389, 'a3f190a6f770109846b299acbc38b119jpeg', '张老二小吃店（早餐店）', 4.9, 15, 4, '临汾市尧都区迎春北街9/10号', '', 4.9, 4.9, 'a3f190a6f770109846b299acbc38b119jpeg', '', '13133172270', '07:00/11:30', NULL, 156653667, 0),
(390, 'de2164e1d51a4e302d35cc935221bce2jpeg', '恋之味烤肉拌饭', 4.4, 15, 4, '临汾市尧都区解放西路安宇花园E区5号楼西门面房', '', 4.4, 4.4, 'de2164e1d51a4e302d35cc935221bce2jpeg', '', '15536740550', '10:00/21:30', NULL, 150873923, 0),
(391, '6c2881fede83755da1ec470a8d97ea76jpeg', '醉味九九鸭脖', 4, 20, 4, '尧都区东赵村一巷2号', '满定十单客户，商家返还二十鸭货产品，诚信立业，德行天下，九九鸭脖', 4, 4, '6c2881fede83755da1ec470a8d97ea76jpeg', '', '15333088542', '08:00/02:00', NULL, 2367058, 0),
(392, '00134f88f564e685a2d71bb8172cfae7jpeg', '川天椒麻辣烫', 4.7, 15, 4, '临汾市尧都区贡院街胡同6号门店', '9元1碗包含10多种素菜，另加荤菜1元一串。', 4.7, 4.7, '00134f88f564e685a2d71bb8172cfae7jpeg', '', '15003575591', '09:30/21:30', NULL, 156658635, 0),
(393, 'a063e73196ffa344f65a889bfd1dfe78jpeg', '抚顺麻辣拌(鼓楼北店)', 4.8, 15, 4, '临汾市尧都区水塔一巷18号', '', 4.8, 4.8, 'a063e73196ffa344f65a889bfd1dfe78jpeg', '', '13835783514 13610610781', '10:30/23:30', NULL, 155602400, 0),
(394, 'ff0a1c5f879bec0143955e53db688127png', '无饿不坐平遥碗托', 4.4, 15, 4, '临汾市尧都区还迁楼12号楼一层', '一天一顿粗粮，一生一世健康', 4.4, 4.4, 'ff0a1c5f879bec0143955e53db688127png', '粗粮主题，荞麦面 糯米面，玉米面条', '17696146000 15935752447 15935792441', '10:00/22:00', NULL, 142925085, 0),
(395, '07987d8c92a093dc3cec519a4e00cd2cpng', '小姚面馆（河汾路店）', 4.4, 15, 4, '临汾开发区河汾路南侧12号', '', 4.4, 4.4, '07987d8c92a093dc3cec519a4e00cd2cpng', '', '03572881991', '10:30/14:30', NULL, 146943068, 0),
(396, 'fda4891e68b30d70a877fcb76980dcd3jpeg', '无名缘米粉4965', 4.4, 15, 4, '临汾市尧都区兵站路6号', '本店推荐您在饿了么网上订餐，优先配送饿了么、淘宝、支付宝、苏宁网上订餐', 4.4, 4.4, 'fda4891e68b30d70a877fcb76980dcd3jpeg', '本店推荐您在饿了么网上订餐，优先配送饿了么、淘宝、支付宝、苏宁网上订餐', '2103385', '11:00/21:00', NULL, 153806972, 0),
(397, '0755609605dc1def6013fb4ef15dc1e7jpeg', '白娃洪洞酥肉稍子面', 4.2, 15, 4, '临汾市尧都区车站街', '', 4.2, 4.2, '0755609605dc1def6013fb4ef15dc1e7jpeg', '', '13934683202 18435740132', '09:00/15:00', NULL, 2346471, 0),
(398, '4b0dd4bbe1d3bc22d9d29feeae7520cfjpeg', '滕客香菜煎饼', 5, 15, 4, '临汾市尧都区体育中街28号', '', 5, 5, '4b0dd4bbe1d3bc22d9d29feeae7520cfjpeg', '', '18734782100 18234718316', '07:30/22:00', NULL, 155965830, 0),
(399, '5fc6566c522a02f5d3a395db69f9e6a0jpeg', '东北麻辣烫（南孝店）', 4, 15, 4, '临汾开发区南孝社区居委会沙坑5巷1号', '东北人，家乡的味道', 4, 4, '5fc6566c522a02f5d3a395db69f9e6a0jpeg', '东北特色牛筋面，插条，冷面', '18735703338', '10:00/22:00', NULL, 155903266, 0),
(400, 'bf401a6ae0f30104dd1edd2dfccb7e1cjpeg', 'The frypan 韩式炸鸡（五洲国际广场店）', 4, 40, 5, '上海市松江区九亭镇沪松公路1221号10幢108室', '', 4, 4, 'bf401a6ae0f30104dd1edd2dfccb7e1cjpeg', '', '13834119835', '10:00/22:00', NULL, 2162966, 0),
(401, '193fd6d9e1632fa316be2cc0ee0f757bjpeg', '小桥排骨', 5, 15, 4, '临汾市尧都区体育中街农机局门面房', '', 5, 5, '193fd6d9e1632fa316be2cc0ee0f757bjpeg', '', '18703477117 13233110830', '10:00/22:00', NULL, 155922446, 0),
(402, '7bc0a6296db826718c0c1d54b94d900bpng', '生生牛肉丸子面', 4.4, 15, 4, '临汾市尧都区车站西街', '', 4.4, 4.4, '7bc0a6296db826718c0c1d54b94d900bpng', '', '15635719444', '09:30/22:00', NULL, 153788440, 0),
(403, 'acc8ed83966c4f82cb7433024b49ad28png', '逍遥胡辣汤（科委巷店）', 4.8, 15, 4, '临汾市尧都区财神楼北街168号', '', 4.8, 4.8, 'acc8ed83966c4f82cb7433024b49ad28png', '', '18835710831', '07:00/11:30', NULL, 157660849, 0),
(404, '886ca7c1324554e8bab20271c8b82d7dpng', '小卖铺进口食品（体育街店）', 5, 15, 4, '临汾市尧都区体育南街40号', '', 5, 5, '886ca7c1324554e8bab20271c8b82d7dpng', '', '18636775898', '09:00/21:00', NULL, 1345817, 0),
(405, 'e6632147e09e3fa29dce93188a6bc5d5jpeg', '擦圪抖揪片王', 4.4, 15, 4, '临汾开发区河汾路华润万家东', '', 4.4, 4.4, 'e6632147e09e3fa29dce93188a6bc5d5jpeg', '', '18513401000', '11:00/15:00', NULL, 156469706, 0),
(406, '99d318df5206beb57789235f9aa594a4jpeg', '广东山海湾海鲜', 4.4, 15, 4, '临汾市尧都区迎春北街17-31号', '', 4.4, 4.4, '99d318df5206beb57789235f9aa594a4jpeg', '', '0357-2180222', '11:00/22:00', NULL, 155798101, 0),
(407, '41d56f055cc05e7d49a34b9acc3453afpng', '大厨小炒', 3.5, 8, 2, '临汾市尧都区何二胡同', '', 3.5, 3.5, '41d56f055cc05e7d49a34b9acc3453afpng', '', '13293578487', '10:00/21:00', NULL, 1862887, 0),
(409, '350568d25f71da6db995391a6d046b36jpeg', '重庆特色小吃（建设路店）', 4.7, 15, 4, '临汾市尧都区建设路育英小学对面往北100米', '', 4.7, 4.7, '350568d25f71da6db995391a6d046b36jpeg', '', '13753758548', '10:00/21:00', NULL, 1080367, 0),
(410, 'cbe20ec65c5838624e7e3bdbf9962cb4jpeg', '老四川小吃（科委巷店）', 4.4, 15, 4, '临汾市尧都区财神楼北街168号', '', 4.4, 4.4, 'cbe20ec65c5838624e7e3bdbf9962cb4jpeg', '', '13233079191', '09:40/20:40', NULL, 156594298, 0),
(411, '266bbfa0479d7af8a388936b104b52e3jpeg', '洪洞酥肉面（兵站街）', 0, 15, 4, '临汾市尧都区兵站路商业招待所西楼南侧四号', '', 0, 0, '266bbfa0479d7af8a388936b104b52e3jpeg', '', '13935717322', '09:00/21:35', NULL, 2374783, 0),
(412, '8a4411148f910ee5288d7bc488047688jpeg', '锡纸海鲜坊', 5, 15, 4, '临汾市尧都区向阳路水车巷23号', '饿了就要饿了么', 5, 5, '8a4411148f910ee5288d7bc488047688jpeg', '饿了就要饿了么', '15135720605', '00:00/24:00', NULL, 1999195, 0),
(413, 'de873972a0237f055e8858c6c6e80730jpeg', '德克士（临汾店）', 5, 0, 3, '临汾市尧都区解放西路33号', '', 5, 5, 'de873972a0237f055e8858c6c6e80730jpeg', '', '03573113333', '09:00/21:00', NULL, 2286970, 0),
(414, 'a4e3c65e8b13f74e6707b8ad3e27e3f7png', '老潼关肉夹馍', 4.7, 15, 4, '临汾市尧都区财神楼北街168号', '本店推荐您在饿了么网上订餐，优先配送饿了么、淘宝、支付宝、苏宁网上订餐 1、为保证餐品及时到您手中，请保持电话畅通方便送餐员及时联系。 2、首次订餐用户，饿了么客服会对您的订单进行电话确认（来电区号为021） 3、外卖制作+配送都需要耗费时间，希望大家提前预订，避开用餐高峰；有特殊需求，请在订单备注填 4、如遇到菜品问题／配送问题可及时电话咨询商家！我们会以最快的速度进行解决！', 4.7, 4.7, 'a4e3c65e8b13f74e6707b8ad3e27e3f7png', '本店推荐您在饿了么网上订餐，优先配送饿了么、淘宝、支付宝、苏宁网上订餐 1、为保证餐品及时到您手中，请保持电话畅通方便送餐员及时联系。 2、首次订餐用户，饿了么客服会对您的订单进行电话确认（来电区号为021） 3、外卖制作+配送都需要耗费时间，希望大家提前预订，避开用餐高峰；有特殊需求，请在订单备注填 4、如遇到菜品问题／配送问题可及时电话咨询商家！我们会以最快的速度进行解决！', '15135333130', '09:00/23:00', NULL, 1054999, 0),
(415, '7db8ee35c3daeab9be6be199f2afc539jpeg', '七秒鱼汉堡奶茶', 4.4, 15, 4, '临汾市尧都区财神楼南街时代风华学校楼下', '', 4.4, 4.4, '7db8ee35c3daeab9be6be199f2afc539jpeg', '', '15934523132', '10:30/22:00', NULL, 155857247, 0),
(416, '6cc3ca70ec4ee19ac663581d4dbee4acjpeg', '零度空间（临汾安达圣店）', 4, 25, 6, '临汾市尧都区向阳路新天地购物中心五层', '', 4, 4, '6cc3ca70ec4ee19ac663581d4dbee4acjpeg', '', '0357-5502678', '10:30/22:00', NULL, 1363924, 0),
(417, 'db63fcdc6dd961865d5a83d88bc49eccjpeg', '老闫馅饼', 4.6, 15, 4, '临汾市尧都区平阳北街136号', '亲爱的顾客，用餐高峰期请提前下单哦', 4.6, 4.6, 'db63fcdc6dd961865d5a83d88bc49eccjpeg', '', '15835730572', '07:00/13:30', NULL, 142902956, 0),
(418, '839b2d19ec5920c4a37bc63cec9e3597jpeg', '老上海馄饨王', 0, 15, 4, '临汾市尧都区建设路46号240号', '', 0, 0, '839b2d19ec5920c4a37bc63cec9e3597jpeg', '', '15534783366', '09:00/17:00', NULL, 157760363, 0),
(419, '266bbfa0479d7af8a388936b104b52e3jpeg', '洪洞酥肉面（兵站街）', 0, 15, 4, '临汾市尧都区兵站路商业招待所西楼南侧四号', '', 0, 0, '266bbfa0479d7af8a388936b104b52e3jpeg', '', '13935717322', '09:00/21:35', NULL, 2374783, 0),
(420, '7eab633dcba35463ec752d7d52fe6d62jpeg', '麦克士', 5, 15, 4, '临汾市尧都区扁担巷北口路西', '本店优先配送饿了么网上订单', 5, 5, '7eab633dcba35463ec752d7d52fe6d62jpeg', '本店已加盟饿了么网上订单', '13835738891', '10:00/21:00', NULL, 1039387, 0),
(421, 'fd88426e02801793f54d7ff97254b449jpeg', 'A+烘焙', 0, 15, 4, '临汾市尧都区青狮北街南端东侧G区C2号', '', 0, 0, 'fd88426e02801793f54d7ff97254b449jpeg', '', '18903575115', '10:00/19:00', NULL, 155680206, 0),
(422, '3980a90e7332efaff49feac6c6f1e0c3png', '米斯特比萨（鼓楼店）', 4, 15, 5, '临汾市尧都区鼓楼广场G区1号楼西2号门店', '', 4, 4, '3980a90e7332efaff49feac6c6f1e0c3png', '新鲜美味的米斯特比萨将开创更高更新的比萨概念。继承来自纽约曼哈顿45号RACE PIZZA的传统烹调方法，开创崭新的比萨文化。今天我们“以质取胜”，愿与大家共创美好未来。清淡爽口的米斯特比萨，100%手工空中杂技精心制作，不是机械加工的，而且不使用预制饼底或冷藏饼底。全部点订当时', '0357-2193223', '10:30/21:00', NULL, 1208818, 0),
(423, '0a32fc3fbd66c4e6ac5c5afb9fd95860jpeg', '仙客来营养火锅', 4.4, 99, 0, '临汾市尧都区七中巷', '', 4.4, 4.4, '0a32fc3fbd66c4e6ac5c5afb9fd95860jpeg', '', '18035755331 18803479077 0357-3366158', '09:30/22:00', NULL, 141556972, 0),
(424, '40e5bf5cfbc7f6b4d4de09338c252019jpeg', '川辣居麻辣香锅', 4.4, 15, 4, '临汾市尧都区南洪家楼41号', '', 4.4, 4.4, '40e5bf5cfbc7f6b4d4de09338c252019jpeg', '', '13835746293', '11:30/21:00', NULL, 2365386, 0),
(425, '3336635712eccaffeb6157341df558cbjpeg', '王丰美食园烧烤（王丰炒腰子）', 4.1, 15, 4, '临汾市尧都区扁担巷北口路西', '叫外卖，上饿了么', 4.1, 4.1, '3336635712eccaffeb6157341df558cbjpeg', '叫外卖，上饿了么', '13546558200', '18:00/01:55', NULL, 155856545, 0),
(426, '261486d451656dc1f707547423d6acbepng', '食香尚饭店', 5, 15, 4, '临汾开发区建设路111号', '', 5, 5, '261486d451656dc1f707547423d6acbepng', '', '18635788535', '10:00/21:00', NULL, 2137086, 0),
(427, '2247245527226c7162b07be2b7278abapng', '岳师傅面来香（生龙店）', 4.4, 15, 4, '临汾市尧都区生龙国际时尚广场F8-002B', '', 4.4, 4.4, '2247245527226c7162b07be2b7278abapng', '', '0357-8608878', '10:30/14:00', NULL, 141559976, 0),
(428, '07987d8c92a093dc3cec519a4e00cd2cpng', '小姚面馆（二十年老店）', 3.5, 15, 4, '临汾市尧都区平阳北街', '乾健行德谦义正\n坤载物天道酬勤', 3.5, 3.5, '07987d8c92a093dc3cec519a4e00cd2cpng', '', '13734121553 03572010859', '11:00/14:30', NULL, 146943068, 0),
(429, '3b4c1bb1c5d98321438100b3f979f0afjpeg', '巴西烤肉拌饭（铝锅巷店）', 4.4, 15, 4, '临汾市尧都区东关小十字北25号', '', 4.4, 4.4, '3b4c1bb1c5d98321438100b3f979f0afjpeg', '', '15903476227', '10:00/21:40', NULL, 156739900, 0);
INSERT INTO `shop` (`sid`, `slogo`, `sname`, `sstar`, `sprice`, `sdeliver`, `saddress`, `snotice`, `sattitude`, `sevaluation`, `spic`, `sinfomation`, `sphone`, `shours`, `squalification`, `shopid`, `uid`) VALUES
(430, '3e2602a14541307873af7b7066666010png', '曹状元烧饼（平阳北街店）', 0, 15, 4, '临汾市尧都区平阳北街12号工委办公楼下门面', '', 0, 0, '3e2602a14541307873af7b7066666010png', '', '15296671122', '07:00/14:00', NULL, 156450305, 0),
(431, '68d8c1cb462eea4e27a8469e14d1542bjpeg', '段师傅一品大盘鸡（向阳路店）', 4.4, 15, 4, '临汾市尧都区建设路1号楼8号门店', '', 4.4, 4.4, '68d8c1cb462eea4e27a8469e14d1542bjpeg', '', '13610670150', '10:30/21:30', NULL, 157189472, 0),
(432, 'ff3ca14b1fce858fb9d05d339d2a2644jpeg', '缤果儿欢乐餐厅（旗舰店）', 0, 0, 4, '临汾市尧都区青狮北街新供合二层', '', 0, 0, 'ff3ca14b1fce858fb9d05d339d2a2644jpeg', '', '0357-8888269', '09:30/20:00', NULL, 151768460, 0),
(433, 'ebfb9e2ebd5cb0333cd96b60f1496ecbjpeg', '娟子馍馍米汤菜(115店)', 0, 15, 4, '临汾开发区坂下社区居委会还迁小区26号商铺', '', 0, 0, 'ebfb9e2ebd5cb0333cd96b60f1496ecbjpeg', '', '13753730820 18935046533', '10:00/23:00', NULL, 155872837, 0),
(434, '10e55ea166d5583f4c88ac32b5ade453jpeg', '家外家馅饼店（水厂店）', 5, 15, 4, '临汾市尧都区鼓楼北56号', '', 5, 5, '10e55ea166d5583f4c88ac32b5ade453jpeg', '', '13633579159', '06:55/14:00', NULL, 2317100, 0),
(435, '49d493e54799a6398c2641b4f5afe441jpeg', '盼大大鸡排', 4.3, 15, 4, '临汾市尧都区水塔三巷', '本店推荐您在饿了么网上订餐，优先配送饿了么订单！1、为保证餐品及时到您手中，请保持电话畅通方便送餐员及时联系。 2、首次订餐用户，饿了么客服会对您的订单进行电话确认（来电区号为021）3、外卖制作+配送都需要耗费时间，希望大家提前预订，避开用餐高峰；有特殊需求，请在订单备注填4、如遇到菜品问题／配送问题可及时电话咨询商家！我们会以最快的速度进行解决！', 4.3, 4.3, '49d493e54799a6398c2641b4f5afe441jpeg', '本店推荐您在饿了么网上订餐，优先配送饿了么订单！', '13453781243', '10:00/04:00', NULL, 1497908, 0),
(436, 'dc578ee65e95287b651beaefa00d0503jpeg', '特色馍馍菜', 0, 15, 4, '临汾市尧都区', '', 0, 0, 'dc578ee65e95287b651beaefa00d0503jpeg', '', '6767933', '09:00/22:00', NULL, 2343710, 0),
(437, '7f7388691e5a6fa9d0f89a5949c9d207jpeg', '尚品砂锅坊·麻辣拌', 0, 15, 4, '临汾市尧都区安宇花苑D区4楼四单元东户', '', 0, 0, '7f7388691e5a6fa9d0f89a5949c9d207jpeg', '', '13303476160', '10:00/22:00', NULL, 156419587, 0),
(438, '37fc76000677ae60643daac7456bf1d7png', '长命凉皮米线', 4.4, 15, 4, '临汾开发区鼓楼北大街坂下段路东', '', 4.4, 4.4, '37fc76000677ae60643daac7456bf1d7png', '', '15935761398', '10:00/22:00', NULL, 507689, 0),
(439, '07c25efaad98119da101717608ca8223jpeg', '快三分肉浇面', 0, 15, 4, '临汾市临汾开发区党家楼社区科技楼', '', 0, 0, '07c25efaad98119da101717608ca8223jpeg', '', '13593501718', '10:00/22:00', NULL, 156927494, 0),
(440, '68e1fdd53fa0d491d504b000b3968f1bjpeg', '黑鸭(青狮北街店)', 4.9, 15, 4, 'l临汾市尧都区青狮北街路东44号', '本店以加盟饿了么网上订餐平台', 4.9, 4.9, '68e1fdd53fa0d491d504b000b3968f1bjpeg', '本店优先配送饿了么网上订单', '18634719283', '10:05/21:00', NULL, 1059567, 0),
(442, '82feec7117e9718766bd0a9831e3bcc9jpeg', '特色老干妈炒饭(扁担巷店)', 0, 15, 4, '临汾市尧都区扁担巷路东华都游泳馆第16间', '', 0, 0, '82feec7117e9718766bd0a9831e3bcc9jpeg', '', '18608644148', '10:20/21:00', NULL, 157989031, 0),
(443, '670223c42d167f758b18e3449737f788jpeg', '布凡粥品（一布凡精品店）', 4.4, 15, 4, '临汾市尧都区解放西路28号工贸6楼餐饮区6001号', '良心是一个餐饮企业立足的根本，品质是成败的保证，我们做良心餐，做品质餐，竭诚为您的健康服务。', 4.4, 4.4, '670223c42d167f758b18e3449737f788jpeg', '', '13633579333', '10:30/14:30', NULL, 156886898, 0),
(444, 'a5cc64374d90a53162ee54dfed67ac4ejpeg', '文和友老长沙大香肠(青狮北街店)', 0, 15, 4, '临汾市尧都区青狮北街路西供合楼一层', '', 0, 0, 'a5cc64374d90a53162ee54dfed67ac4ejpeg', '', '15635753054', '10:00/20:35', NULL, 157913938, 0),
(445, 'bad31215c45dadf8f972e39a7021d079jpeg', '相思缘过桥米线香辣串串香', 0, 15, 4, '临汾开发区郭家庄社区居委会排房街20号', '', 0, 0, 'bad31215c45dadf8f972e39a7021d079jpeg', '', '18734750573', '11:00/23:00', NULL, 157699070, 0),
(447, '4a0652084848b21c16afb5662cbfc058jpeg', '江源小吃（早点）', 5, 15, 4, '临汾市尧都区一市场44号', '家常风味，给你家的感觉', 5, 5, '4a0652084848b21c16afb5662cbfc058jpeg', '本店早餐以牛肉胡辣汤，八宝粥，黑米粥，小米汤，饼为主。午餐以焖面，臊子面为主。', '17603579616', '07:00/14:30', NULL, 157102064, 0),
(448, '028c88337785c2ad3eebbc791d4edd7djpeg', '牛小哥广东炒粉（世纪百悦店）', 5, 15, 4, '临汾市尧都区花果街北口干休所职工楼平房', '', 5, 5, '028c88337785c2ad3eebbc791d4edd7djpeg', '', '17703570352', '10:00/15:00', NULL, 154472551, 0),
(449, '07987d8c92a093dc3cec519a4e00cd2cpng', '小姚面馆（信合路店）', 3.5, 15, 4, '临汾市尧都区五一西路', '', 3.5, 3.5, '07987d8c92a093dc3cec519a4e00cd2cpng', '', '0357-2082345', '10:00/14:30', NULL, 146943068, 0),
(450, 'cf676c8bf3424d95005a8ec3eab98dd6jpeg', '绝味麻辣拌（解放西路店）', 0, 15, 4, '临汾市尧都区朝殿一巷7号', '', 0, 0, 'cf676c8bf3424d95005a8ec3eab98dd6jpeg', '', '17735717017', '10:00/22:00', NULL, 157466196, 0),
(451, '75fa34c78e485eb1d782fec5c6a889a9png', '李记馍夹肉馍夹菜', 5, 15, 4, '临汾市尧都区商会巷干休所职工院内门面房', '', 5, 5, '75fa34c78e485eb1d782fec5c6a889a9png', '', '15135700410', '07:00/14:00', NULL, 154303536, 0),
(452, '70fdc0d6b2380e1902263efdf43cfbd2jpeg', '胖子钩刀面涮牛肚烧烤', 0, 15, 4, '临汾市尧都区迎春北街20-26号', '', 0, 0, '70fdc0d6b2380e1902263efdf43cfbd2jpeg', '', '15935778287', '10:00/22:00', NULL, 153831465, 0),
(453, 'acc8ed83966c4f82cb7433024b49ad28png', '逍遥滋补胡辣汤', 0, 10, 4, '临汾开发区坂下社区居委会后头园六巷1号', '', 0, 0, 'acc8ed83966c4f82cb7433024b49ad28png', '', '15935731326', '07:00/21:00', NULL, 157660849, 0),
(454, '284348f45cf983a0d6307096453e278cjpeg', '中国兰州牛肉拉面（向阳路店）', 0, 15, 4, '临汾市尧都区向阳路信合小区一层', '', 0, 0, '284348f45cf983a0d6307096453e278cjpeg', '', '17090269615', '08:00/23:00', NULL, 155601924, 0),
(455, '892da1e62678a948cc9407f45d76c942jpeg', '小黑赵城羊汤（迎春北街店）', 0, 15, 4, '临汾市尧都区迎春北街', '', 0, 0, '892da1e62678a948cc9407f45d76c942jpeg', '', '15503572263', '10:00/22:00', NULL, 141561139, 0),
(456, '3ff3682075cf9d4043de16fc99875acdpng', '南耀离绿豆饼（建设路店）', 4.4, 15, 4, '临汾市尧都区建设路2号楼20号', '', 4.4, 4.4, '3ff3682075cf9d4043de16fc99875acdpng', '', '15603578683', '09:00/21:00', NULL, 141558465, 0),
(457, '70a897cecb0b7ec3f2ac595f4af9950ejpeg', '撕烤时间', 4.7, 15, 4, '尧都区西关北园107号', '', 4.7, 4.7, '70a897cecb0b7ec3f2ac595f4af9950ejpeg', '温馨提示，撕烤时间三分熟是生牛肉，如果不知情着请不要点，并不是我们的牛肉串是生的，谢谢。', '03573965518 18636749859', '10:00/02:00', NULL, 2344357, 0),
(458, '50e1dc21ace82c1b98d0450044f9cf4fjpeg', '白家牛羊肉烧烤', 4.4, 15, 4, '临汾市尧都区平阳南街19号3号楼1-2号', '', 4.4, 4.4, '50e1dc21ace82c1b98d0450044f9cf4fjpeg', '', '18734753084 13080375908 13453673672', '11:30/14:30', NULL, 155781316, 0),
(459, 'ddf83c75c47325055ca4939675cd1376jpeg', '西安小翠凉皮米线', 0, 15, 4, '临汾市尧都区建设路8号楼112号门店', '', 0, 0, 'ddf83c75c47325055ca4939675cd1376jpeg', '', '17735709600', '10:00/22:00', NULL, 157727420, 0),
(460, 'acc8ed83966c4f82cb7433024b49ad28png', '逍遥胡辣汤（平阳北街店）', 4.7, 15, 0, '临汾市尧都区平阳北街136号', '健康美味、营养卫生、欢迎选购。服务咨询：13835794939', 4.7, 4.7, 'acc8ed83966c4f82cb7433024b49ad28png', '饿了就要饿了么', '13835794939', '07:00/10:30', NULL, 157660849, 0),
(461, '67af95b18b1832659173cfe3163f18c8jpeg', '丁欢美食店', 0, 15, 4, '临汾市尧都区鼓楼南琉璃巷16号', '', 0, 0, '67af95b18b1832659173cfe3163f18c8jpeg', '', '15034303036', '11:00/21:00', NULL, 155913373, 0),
(462, 'c27a84b0e9782c94996e9cc6a0b84fb8jpeg', '莫沫南路松枝记（贡院街）', 4.4, 15, 4, '临汾市尧都区贡院街9号楼59号门店', '', 4.4, 4.4, 'c27a84b0e9782c94996e9cc6a0b84fb8jpeg', '', '15535757060', '09:00/09:30', NULL, 156031123, 0),
(463, 'df6ad817db42dd82a87d0d2b52364d0djpeg', '清味斋烧烤', 4, 15, 4, '临汾开发区建设路与坂下街交叉口西北角', '', 4, 4, 'df6ad817db42dd82a87d0d2b52364d0djpeg', '清真店哦！地地道道回民家常菜，特色回民烧烤。绝对的货真价实好羊肉', '15392575480', '17:00/23:00', NULL, 155873455, 0),
(464, '0e061df18a988df7d58f627ab7611371jpeg', '百年卤肉店', 0, 15, 4, '临汾市尧都区兵站路', '', 0, 0, '0e061df18a988df7d58f627ab7611371jpeg', '', '15035751594', '09:00/21:00', NULL, 2377121, 0),
(465, 'a4c8d88ceba5698f95dc139486d29f0ajpeg', '麦田工坊蛋糕店', 0, 15, 4, '临汾开发区北孝社区居委会3巷1号', '', 0, 0, 'a4c8d88ceba5698f95dc139486d29f0ajpeg', '', '15534703377', '10:00/22:00', NULL, 155841353, 0),
(466, '69b4e9fadf9619f7423fe65252f363dfjpeg', '味多滋烘焙坊', 4, 15, 4, '临汾市尧都区水塔街二巷23号', '', 4, 4, '69b4e9fadf9619f7423fe65252f363dfjpeg', '', '13313479331 17636229960', '08:00/22:00', NULL, 156145687, 0),
(467, '892da1e62678a948cc9407f45d76c942jpeg', '内蒙羊汤馆', 0, 15, 5, '临汾市尧都区安宇花苑D区4楼四单元东户', '', 0, 0, '892da1e62678a948cc9407f45d76c942jpeg', '', '18603576175', '09:00/21:00', NULL, 141561139, 0),
(468, 'b732057a57acf76ab37045d622b8f579jpeg', '那小子创意美食', 0, 15, 4, '临汾市尧都区生龙国际时尚广场八层019号', '叫外卖，上饿了么', 0, 0, 'b732057a57acf76ab37045d622b8f579jpeg', '叫外卖，上饿了么', '03572081000', '11:30/21:35', NULL, 2376003, 0),
(469, '22c85307ddb2618856ea92cd8a42065ejpeg', '八集特干调行', 4.4, 15, 4, '临汾市尧都区广宣街中心市场', '', 4.4, 4.4, '22c85307ddb2618856ea92cd8a42065ejpeg', '', '18635776288', '07:00/18:30', NULL, 156276798, 0),
(470, '3db0b87db80d1addf4764d3e9ae17b3fjpeg', '萌萌过桥米线', 4.4, 15, 4, '临汾开发区向阳西路中大街东二街1号', '本店推荐您在饿了么网上订餐，优先配送饿了么、淘宝、支付宝、苏宁网上订餐', 4.4, 4.4, '3db0b87db80d1addf4764d3e9ae17b3fjpeg', '本店推荐您在饿了么网上订餐，优先配送饿了么、淘宝、支付宝、苏宁网上订餐', '17735768599', '11:00/21:00', NULL, 2344283, 0),
(471, '5713951d8c494ea8f154cfd83832f627jpeg', '家常菜', 4.8, 15, 4, '临汾市尧都区车站街24号', '', 4.8, 4.8, '5713951d8c494ea8f154cfd83832f627jpeg', '', '18636781879', '00:00/02:00', NULL, 156577834, 0),
(472, '9e3ae0c82648a7c4a127e9d2ab1d15dajpeg', '老白家牛肉丸子面（北城店）', 5, 15, 4, '临汾开发区北外环路北', '', 5, 5, '9e3ae0c82648a7c4a127e9d2ab1d15dajpeg', '', '13994758824 13994758824', '10:00/22:30', NULL, 155870408, 0),
(473, '137b9dd7e3ae861cdb49ba70ddeb6db6jpeg', '小吉美味大盘鸡', 0, 15, 4, '临汾市尧都区铁经巷公安处斜对面', '', 0, 0, '137b9dd7e3ae861cdb49ba70ddeb6db6jpeg', '', '13293776996', '10:00/21:00', NULL, 155770801, 0),
(474, '498a84123b928687673132d6d3cc5e74jpeg', '段师傅一品大盘鸡中骏店', 5, 15, 4, '临汾开发区中骏国际坂下社区', '', 5, 5, '498a84123b928687673132d6d3cc5e74jpeg', '', '13934680700 13203470700', '09:00/22:00', NULL, 153788288, 0),
(475, '1580d222209ec79983459a9d032acb62jpeg', '馍馍米汤菜（北门巷店）', 0, 15, 4, '临汾市尧都区鼓楼北北门巷5号', '', 0, 0, '1580d222209ec79983459a9d032acb62jpeg', '', '13546186953', '10:00/14:30', NULL, 156145655, 0),
(476, '9da7f3e7a7d841867fb6b0444681ad6bjpeg', '王氏大盘鸡', 4.4, 15, 4, '临汾市尧都区解放西路还迁楼5号楼5号楼3号门店', '饿了就点热的饿了么，我们将以最优质的服务提供给大家，欢迎您的品尝与监督，饿了么市场部投诉电话：0357-3928515', 4.4, 4.4, '9da7f3e7a7d841867fb6b0444681ad6bjpeg', '饿了就点热的饿了么，我们将以最优质的服务提供给大家，欢迎您的品尝与监督，饿了么市场部投诉电话：0357-3928515', '0357-3999266 13934684500', '09:35/21:00', NULL, 2144923, 0),
(477, '07c25efaad98119da101717608ca8223jpeg', '河西饸饹面', 4.4, 15, 4, '临汾开发区坂下还迁小区22号', '叫外卖，上饿了么', 4.4, 4.4, '07c25efaad98119da101717608ca8223jpeg', '叫外卖，上饿了么', '15534752828', '07:00/16:00', NULL, 156927494, 0),
(478, '07987d8c92a093dc3cec519a4e00cd2cpng', '小姚羊汤馆', 5, 15, 4, '临汾市尧都区平阳北街26号', '乾健行德谦义正 \n坤载物天道酬勤', 5, 5, '07987d8c92a093dc3cec519a4e00cd2cpng', '叫外卖，上饿了么', '03575528898', '07:00/22:15', NULL, 146943068, 0),
(479, '863f703fa4f34239234eba01f7be2c0dpng', '那小子创意美食(尧都店)', 3.5, 15, 4, '临汾市尧都区生龙国际时尚广场八层019号', '美味❤创意❤生活', 3.5, 3.5, '863f703fa4f34239234eba01f7be2c0dpng', '我们的创意扎根于中国传统的烹饪技法，又与现代饮食文化巧妙结合，将中西烹饪融为一体，让美食有了灵魂，让美味更具有内涵，让美充满艺术之灵动。', '03573928515', '10:00/21:00', NULL, 155259815, 0),
(480, '5baa6e2bc07145c64fcf25cf8932526cjpeg', '李家丸子（鼓楼西分店）', 0, 15, 4, '临汾市尧都区解放西路126号军分区1号楼高层底商一层第九间商铺', '', 0, 0, '5baa6e2bc07145c64fcf25cf8932526cjpeg', '', '13835778898', '07:00/11:00', NULL, 156145640, 0),
(481, '4067e3ad037169dbf601207709eda991jpeg', '串府骨汤麻辣烫（麻辣拌）向阳西路店', 5, 15, 4, '临汾经济开发区家福乐超市负一层就餐区', '各位顧客，老板疯了，老板疯了，老板请你吃饭再送饮料，各位顾客来下单吧……', 5, 5, '4067e3ad037169dbf601207709eda991jpeg', '', '18434852019', '10:30/20:30', NULL, 2236965, 0),
(482, '39632ae07dbb1ce7c2324d25f8973c5cjpeg', '重庆鸡公煲（工贸后门）', 0, 15, 4, '临汾市尧都区财神楼中街38号路东', '', 0, 0, '39632ae07dbb1ce7c2324d25f8973c5cjpeg', '', '18234743686', '10:05/21:00', NULL, 2355754, 0),
(483, '456b97e010528650d1828efd31a9e2e1jpeg', '叫个炸鸡', 5, 15, 4, '临汾市尧都区建设路60号楼378号', '叫个鸡，饿了吗觉得我污，所以让我改成了更加庸俗的名字，还是那句话，满足您对炸鸡的一切幻想', 5, 5, '456b97e010528650d1828efd31a9e2e1jpeg', '叫个鸡临汾店，最优质的脆皮花，最优质的蜜汁酱哦', '18503577887', '11:00/21:00', NULL, 157496018, 0),
(484, '3db982f5e33b8afdd936761389766cd9jpeg', '多口味鸡排汉堡', 0, 15, 4, '临汾开发区北孝社区居委会北区3巷5号', '', 0, 0, '3db982f5e33b8afdd936761389766cd9jpeg', '', '13546523464', '11:00/22:00', NULL, 157182500, 0),
(485, '13a3bd442ba2f95827f9d60718cafa0djpeg', '川香冒菜工贸店', 4.4, 15, 4, '临汾市尧都区解放西路28号工贸6楼餐饮区6001号', '', 4.4, 4.4, '13a3bd442ba2f95827f9d60718cafa0djpeg', '', '15135704501', '10:30/19:50', NULL, 150899367, 0),
(486, 'bc3dd3dffa041bbdc490d0db621ee7e8jpeg', '八喜冰淇淋工贸店', 4.7, 15, 4, '临汾市尧都区解放路工贸三楼3037-A', '', 4.7, 4.7, 'bc3dd3dffa041bbdc490d0db621ee7e8jpeg', '', '18735763456', '10:00/16:30', NULL, 150998901, 0),
(487, 'c00980b6f33885d498950b04c8f1f1b8png', '百岁鱼', 0, 15, 4, '尧都区解放西路126号君怡新苑1号楼底商二层', '', 0, 0, 'c00980b6f33885d498950b04c8f1f1b8png', '', '13603578607', '11:00/14:00', NULL, 156145608, 0),
(488, '4495dfddcfb9dc3e5f712b89ffea853bjpeg', '特香麻辣串', 4.4, 15, 4, '临汾市尧都区莲花池巷梅苑家属院车库1号', '17，18号休息，19号营业，请谅解，谢谢，一中后门串串', 4.4, 4.4, '4495dfddcfb9dc3e5f712b89ffea853bjpeg', '', '18603571320', '16:00/23:45', NULL, 156145620, 0),
(489, 'a6ca761f0b5e5526d16703e131857f07jpeg', '金典火锅', 5, 20, 0, '临汾市尧都区尧庙镇西赵村南五巷七号', '本店推荐您在饿了么网上订餐，专业的外送火锅，金典品质。', 5, 5, 'a6ca761f0b5e5526d16703e131857f07jpeg', '本店推荐您在饿了么网上订餐，优先配送饿了么、淘宝、支付宝、苏宁网上订餐', '15203475594', '09:00/21:00', NULL, 150106557, 0),
(490, '9480cb2b15bb7776d28d2363e6ddededpng', '酒窝甜品', 4.4, 15, 0, '临汾市尧都区生龙国际时尚广场八层105', '', 4.4, 4.4, '9480cb2b15bb7776d28d2363e6ddededpng', '', '03578607780', '10:30/20:00', NULL, 2252168, 0),
(491, '078e03a39df234661b1be2d54cfe6debpng', '饭急送（南城店）极速送达', 5, 0, 3, '临汾市尧都区平阳南街105-1号门面', '饭急送木盒饭荣誉回归，木盒包装，环保且健康，为给这座城市拼搏的人加油！ 饭急送投诉电话：0357-7188151 饭急送承接各类大型团体订餐，各类会议用餐，订餐电话：0357-3333502 3333503', 5, 5, '078e03a39df234661b1be2d54cfe6debpng', '饭急送木盒饭荣誉回归，木盒包装，环保且健康，为给这座城市拼搏的人加油！ 饭急送投诉电话：0357-7188151 饭急送承接各类大型团体订餐，各类会议用餐，订餐电话：0357-3333502 3333503', '7188154', '09:00/21:00', NULL, 999877, 0),
(492, '8c0737302ce7091c2d85e962f38e282djpeg', '二娃快餐', 3.5, 25, 5, '临汾市尧都区东关十字北27号', '', 3.5, 3.5, '8c0737302ce7091c2d85e962f38e282djpeg', '', '15934518518', '23:55/24:00', NULL, 515603, 0),
(493, 'c1234cd1c25d7d1367f0c3390bc66518jpeg', '小聂早点', 0, 1, 0, '临汾开发区河汾路春秋机电城1022号', '', 0, 0, 'c1234cd1c25d7d1367f0c3390bc66518jpeg', '', '18634705287', '07:10/15:00', NULL, 156145497, 0),
(494, '40df854a9e5b490c0e75a5d8608b955djpeg', '豆心新豆花（师大店）', 4.4, 20, 3, '临汾市尧都区信合西路A区3号楼4#门店', '', 4.4, 4.4, '40df854a9e5b490c0e75a5d8608b955djpeg', '', '18603570746', '09:00/24:00', NULL, 1210260, 0),
(495, '46082c063ee7fd9e3de8e63f74db40dfpng', '阿亮快餐店（师大店）', 5, 15, 5, '临汾市尧都区贡院西街马尾巷12-02号', '本店推荐您在饿了么网上订餐，优先配送饿了么、淘宝、支付宝、苏宁网上订餐 1、为保证餐品及时到您手中，请保持电话畅通方便送餐员及时联系。 2、首次订餐用户，饿了么客服会对您的订单进行电话确认（来电区号为021） 3、外卖制作+配送都需要耗费时间，希望大家提前预订，避开用餐高峰；有特殊需求，请在订单备注填 4、如遇到菜品问题／配送问题可及时电话咨询商家！我们会以最快的速度进行解决！ 5、优惠活动／特殊需求说明等（商家自行发挥）', 5, 5, '46082c063ee7fd9e3de8e63f74db40dfpng', '本店推荐您在饿了么网上订餐，优先配送饿了么、淘宝、支付宝、苏宁网上订餐', '18613575060', '10:05/02:00', NULL, 1879106, 0),
(496, '3f7fd35eee5d8be98e45a2d804f0fa66jpeg', '西安凉皮(解放路店)', 0, 15, 4, '临汾市尧都区解放西路33号', '', 0, 0, '3f7fd35eee5d8be98e45a2d804f0fa66jpeg', '', '13353575305', '10:00/22:00', NULL, 142866499, 0),
(497, '797046d70a7a97e498756af1f372fe9bpng', '米多面多（扁担巷店）', 4, 20, 3, '临汾市尧都区皮店门路南4号院内', '', 4, 4, '797046d70a7a97e498756af1f372fe9bpng', '', '18735793774', '10:00/22:00', NULL, 157162579, 0),
(498, NULL, '王先生靠主题', 0, 0, 0, '', '', 0, 0, '123', '123', '', '', NULL, 0, 9);

-- --------------------------------------------------------

--
-- 表的结构 `store`
--

CREATE TABLE IF NOT EXISTS `store` (
  `id` int(12) NOT NULL AUTO_INCREMENT,
  `uid` int(12) NOT NULL,
  `name` varchar(255) DEFAULT NULL,
  `deliver` float DEFAULT NULL COMMENT '配送费',
  `price` float DEFAULT NULL COMMENT '起送价',
  `pic` varchar(255) DEFAULT NULL,
  `desc` varchar(255) DEFAULT NULL,
  `address` varchar(255) NOT NULL,
  PRIMARY KEY (`id`)
) ENGINE=InnoDB  DEFAULT CHARSET=utf8 AUTO_INCREMENT=9 ;

--
-- 转存表中的数据 `store`
--

INSERT INTO `store` (`id`, `uid`, `name`, `deliver`, `price`, `pic`, `desc`, `address`) VALUES
(1, 1, '肯德基', 5, 20, '/upload/b66a0a839d5e903bb7d455ae3cccddcf.jpg', '肯德基肯德基', '山西省太原市'),
(2, 3, '正新鸡排（太原学府店）', 5, 20, '/upload/6b5c2910a4e3b81b8f5ffc75f7c98358.png', '正新专注于鸡排、炸鸡和烧烤产品，为顾客提供味美健康、物美价优的饮食选择。凭借风味独特的正新鸡排，以及独具特色的烧烤模式，正新食品赢得各地消费者的广泛好评，已成为享誉行业的龙头企业。2017年正新鸡排连锁门店超10000家，成为餐饮超级连锁品牌。', '太原市小店区大马北正街5排1号'),
(3, 5, '黄焖鸡米饭(荣耀店)', 7, 20, '/upload/fb9a50597918230c521ad644a6618448.jpeg', '本店所有加菜商品，饮品，小菜类均单点不送，谢谢配合', '山西生态圆'),
(4, 6, '麦乐基', 1.5, 20, '/upload/f145ee2f0d3319cf537e7ef499cb391f.png', '本店为连锁加盟店，食品安全有保障，不会与其他商家打价格战，请您放心食用！！', '太原市小店区长治路205—3号'),
(5, 7, '路转粉', 4.5, 20, '/upload/4837e98613434a165b7e60b3af9ae028.jpeg', '店铺盛大开业！下单会有折扣哦！！！', '太原市小店区长风街156号1号商铺'),
(6, 8, '来一桶烤肉饭', 6, 20, '/upload/e44a0bc787a52e46ad7d733676b8eb6d.png', '亲爱的老顾客们 为了更好的提高客户体验 提高送餐速度 现调整配送范围  部分位置不在配送范围  请谅解 现正进行人员调整 马上开放更多范围 再次非常感谢几年来 大家的支持和厚爱  谢过~~~', '太原市小店区财贸学校西7号门面房'),
(7, 9, '食尚味道', 3, 30, '/upload/bc3d8ea51d6d0ef98d65fb41819b4f63.jpeg', '本店实付满30送380ml饮料一瓶！下单实付满58再送 秘制泡菜一份', '太原市小店区锦绣苑小区东侧（原茶城北起第28-30间）'),
(8, 10, '李先生（长治路店）', 6, 20, '/upload/7fb2a1152e8d7c89d42123be3b18f62c.jpeg', '点餐吧&李先生月底超值满减、仅限三天！！！品牌特惠，想要就现在！！！', '太原市小店区长治路196号1层');

-- --------------------------------------------------------

--
-- 表的结构 `user`
--

CREATE TABLE IF NOT EXISTS `user` (
  `id` int(12) NOT NULL AUTO_INCREMENT,
  `name` varchar(255) DEFAULT NULL,
  `password` varchar(255) DEFAULT NULL,
  PRIMARY KEY (`id`)
) ENGINE=InnoDB  DEFAULT CHARSET=utf8 AUTO_INCREMENT=11 ;

--
-- 转存表中的数据 `user`
--

INSERT INTO `user` (`id`, `name`, `password`) VALUES
(1, '15735806726', '123456789'),
(2, '15735804546', '123456789'),
(3, '123456789', '123456789'),
(4, '张三李四王五赵六', '123456789'),
(5, '00000001', '000000001'),
(6, '00000002', '000000002'),
(7, '00000003', '000000003'),
(8, '00000004', '000000004'),
(9, '00000005', '000000005'),
(10, '00000006', '000000006');

-- --------------------------------------------------------

--
-- 视图结构 `abc`
--
DROP TABLE IF EXISTS `abc`;

CREATE ALGORITHM=UNDEFINED DEFINER=`root`@`localhost` SQL SECURITY DEFINER VIEW `abc` AS select `g`.`id` AS `gid`,`g`.`name` AS `gname`,`g`.`pic` AS `pic`,`g`.`price` AS `price`,`g`.`desc` AS `desc`,`c`.`id` AS `cid`,`c`.`name` AS `cname`,`c`.`desc` AS `cdesc`,`s`.`id` AS `sid`,`s`.`name` AS `sname`,`u`.`id` AS `uid`,`u`.`name` AS `uname` from (((`goods` `g` join `cate` `c`) join `store` `s`) join `user` `u`) where ((`g`.`cate_id` = `c`.`id`) and (`c`.`store_id` = `s`.`id`) and (`s`.`uid` = `u`.`id`));

-- --------------------------------------------------------

--
-- 视图结构 `abd`
--
DROP TABLE IF EXISTS `abd`;

CREATE ALGORITHM=UNDEFINED DEFINER=`root`@`localhost` SQL SECURITY DEFINER VIEW `abd` AS select `c`.`id` AS `cid`,`c`.`name` AS `cname`,`c`.`desc` AS `cdesc`,`s`.`id` AS `sid`,`s`.`name` AS `sname`,`u`.`id` AS `uid`,`u`.`name` AS `uname` from ((`cate` `c` join `store` `s`) join `user` `u`) where ((`c`.`store_id` = `s`.`id`) and (`s`.`uid` = `u`.`id`));

/*!40101 SET CHARACTER_SET_CLIENT=@OLD_CHARACTER_SET_CLIENT */;
/*!40101 SET CHARACTER_SET_RESULTS=@OLD_CHARACTER_SET_RESULTS */;
/*!40101 SET COLLATION_CONNECTION=@OLD_COLLATION_CONNECTION */;
